-- MySQL dump 10.13  Distrib 8.0.44, for Win64 (x86_64)
--
-- Host: 127.0.0.1    Database: warehouse_inventory
-- ------------------------------------------------------
-- Server version	8.0.44

/*!40101 SET @OLD_CHARACTER_SET_CLIENT=@@CHARACTER_SET_CLIENT */;
/*!40101 SET @OLD_CHARACTER_SET_RESULTS=@@CHARACTER_SET_RESULTS */;
/*!40101 SET @OLD_COLLATION_CONNECTION=@@COLLATION_CONNECTION */;
/*!50503 SET NAMES utf8 */;
/*!40103 SET @OLD_TIME_ZONE=@@TIME_ZONE */;
/*!40103 SET TIME_ZONE='+00:00' */;
/*!40014 SET @OLD_UNIQUE_CHECKS=@@UNIQUE_CHECKS, UNIQUE_CHECKS=0 */;
/*!40014 SET @OLD_FOREIGN_KEY_CHECKS=@@FOREIGN_KEY_CHECKS, FOREIGN_KEY_CHECKS=0 */;
/*!40101 SET @OLD_SQL_MODE=@@SQL_MODE, SQL_MODE='NO_AUTO_VALUE_ON_ZERO' */;
/*!40111 SET @OLD_SQL_NOTES=@@SQL_NOTES, SQL_NOTES=0 */;

--
-- Table structure for table `inventory`
--

DROP TABLE IF EXISTS `inventory`;
/*!40101 SET @saved_cs_client     = @@character_set_client */;
/*!50503 SET character_set_client = utf8mb4 */;
CREATE TABLE `inventory` (
  `inventory_id` int NOT NULL AUTO_INCREMENT,
  `item_id` int NOT NULL,
  `location_id` int NOT NULL,
  `quantity` int DEFAULT '0',
  `last_update` timestamp NULL DEFAULT CURRENT_TIMESTAMP ON UPDATE CURRENT_TIMESTAMP,
  PRIMARY KEY (`inventory_id`),
  KEY `item_id` (`item_id`),
  KEY `location_id` (`location_id`),
  CONSTRAINT `inventory_ibfk_1` FOREIGN KEY (`item_id`) REFERENCES `item` (`item_id`) ON DELETE CASCADE ON UPDATE CASCADE,
  CONSTRAINT `inventory_ibfk_2` FOREIGN KEY (`location_id`) REFERENCES `location` (`location_id`) ON DELETE CASCADE ON UPDATE CASCADE
) ENGINE=InnoDB AUTO_INCREMENT=359 DEFAULT CHARSET=utf8mb4 COLLATE=utf8mb4_general_ci;
/*!40101 SET character_set_client = @saved_cs_client */;

--
-- Dumping data for table `inventory`
--

LOCK TABLES `inventory` WRITE;
/*!40000 ALTER TABLE `inventory` DISABLE KEYS */;
INSERT INTO `inventory` VALUES (1,1,1,32,'2025-11-06 09:05:41'),(2,2,2,31,'2025-11-06 09:05:41'),(3,3,3,12,'2025-11-06 09:05:41'),(4,4,4,22,'2025-11-06 09:05:41'),(5,5,5,2,'2025-11-06 09:05:41'),(6,6,6,1,'2025-11-06 09:05:41'),(7,7,7,3,'2025-11-06 09:05:41'),(8,8,8,18,'2025-11-06 09:05:41'),(9,9,9,10,'2025-11-06 09:05:41'),(10,10,10,8,'2025-11-06 09:05:41'),(11,11,11,12,'2025-11-06 09:05:41'),(12,12,12,14,'2025-11-06 09:05:41'),(13,13,13,28,'2025-11-06 09:05:41'),(14,14,14,30,'2025-10-30 12:46:51'),(15,15,15,10,'2025-11-06 09:05:41'),(16,16,16,6,'2025-11-06 09:05:41'),(17,17,17,47,'2025-11-06 09:05:41'),(18,18,18,25,'2025-11-06 09:05:41'),(19,19,19,11,'2025-11-06 09:05:41'),(20,20,20,24,'2025-11-06 09:05:41'),(21,21,21,5,'2025-10-30 12:46:51'),(23,23,23,8,'2025-11-06 09:05:41'),(24,24,24,15,'2025-11-06 09:05:41'),(25,25,25,5,'2025-10-30 12:46:51'),(26,26,26,13,'2025-11-06 09:05:41'),(27,27,27,36,'2025-11-06 09:05:41'),(28,28,28,16,'2025-11-06 09:05:41'),(29,29,29,30,'2025-11-06 09:05:41'),(30,30,30,5,'2025-11-06 09:05:41'),(31,31,61,32,'2025-11-06 09:05:41'),(32,32,62,2,'2025-11-06 09:05:41'),(33,33,63,37,'2025-10-30 12:46:51'),(34,34,64,16,'2025-11-06 09:05:41'),(35,35,65,42,'2025-11-06 09:05:41'),(36,36,66,1,'2025-11-06 09:05:41'),(37,37,67,24,'2025-11-06 09:05:41'),(38,38,68,10,'2025-11-06 09:05:41'),(39,39,69,4,'2025-11-06 09:05:41'),(40,40,70,15,'2025-10-30 12:46:51'),(41,41,71,17,'2025-11-06 09:05:41'),(42,42,72,10,'2025-11-06 09:05:41'),(43,43,73,17,'2025-11-06 09:05:41'),(44,44,74,24,'2025-11-06 09:05:41'),(45,45,75,24,'2025-11-06 09:05:41'),(46,46,76,41,'2025-11-06 09:05:41'),(47,47,77,5,'2025-10-30 12:46:51'),(48,48,78,12,'2025-11-06 09:05:41'),(49,49,79,43,'2025-10-30 12:46:51'),(50,50,80,4,'2025-11-06 09:05:41'),(51,51,81,35,'2025-11-06 09:05:41'),(52,52,82,34,'2025-11-06 09:05:41'),(53,53,83,7,'2025-11-06 09:05:41'),(54,54,84,1,'2025-11-06 09:05:41'),(55,55,85,33,'2025-11-06 09:05:41'),(56,56,86,7,'2025-11-06 09:05:41'),(57,57,87,2,'2025-11-06 09:05:41'),(58,58,88,24,'2025-11-06 09:05:41'),(59,59,89,33,'2025-11-06 09:05:41'),(60,60,90,3,'2025-11-06 09:05:41'),(61,61,121,5,'2025-10-30 12:46:51'),(62,62,122,37,'2025-11-06 09:05:41'),(63,63,123,14,'2025-11-06 09:05:41'),(64,64,124,36,'2025-10-30 12:46:51'),(65,65,125,45,'2025-11-06 09:05:41'),(66,66,126,41,'2025-11-06 09:05:41'),(67,67,127,12,'2025-11-06 09:05:41'),(68,68,128,37,'2025-11-06 09:05:41'),(69,69,129,44,'2025-11-06 09:05:41'),(70,70,130,26,'2025-10-30 12:46:51'),(71,71,131,30,'2025-10-30 12:46:51'),(72,72,132,1,'2025-11-06 09:05:41'),(73,73,133,3,'2025-11-06 09:05:41'),(74,74,134,8,'2025-10-30 12:46:51'),(75,75,135,22,'2025-10-30 12:46:51'),(76,76,136,24,'2025-11-06 09:05:41'),(77,77,137,7,'2025-10-30 12:46:51'),(78,78,138,17,'2025-11-06 09:05:41'),(79,79,139,27,'2025-11-06 09:05:41'),(80,80,140,36,'2025-11-06 09:05:41'),(81,81,141,37,'2025-11-06 09:05:41'),(82,82,142,9,'2025-11-06 09:05:41'),(83,83,143,1,'2025-11-06 09:05:41'),(84,84,144,43,'2025-10-30 12:46:51'),(85,85,145,34,'2025-11-06 09:05:41'),(86,86,146,3,'2025-11-06 09:05:41'),(87,87,147,19,'2025-11-06 09:05:41'),(88,88,148,27,'2025-11-06 09:05:41'),(89,89,149,18,'2025-11-06 09:05:41'),(90,90,150,10,'2025-10-30 12:46:51'),(91,91,181,43,'2025-10-30 12:46:51'),(92,92,182,26,'2025-11-06 09:05:41'),(93,93,183,29,'2025-11-06 09:05:41'),(94,94,184,3,'2025-11-06 09:05:41'),(95,95,185,8,'2025-11-06 09:05:41'),(96,96,186,1,'2025-11-06 09:05:41'),(97,97,187,32,'2025-11-06 09:05:41'),(98,98,188,9,'2025-11-06 09:05:41'),(99,99,189,7,'2025-11-06 09:05:41'),(100,100,190,35,'2025-10-30 12:46:51'),(101,101,191,21,'2025-10-30 12:46:51'),(102,102,192,35,'2025-11-06 09:05:41'),(103,103,193,34,'2025-11-06 09:05:41'),(104,104,194,44,'2025-10-30 12:46:51'),(105,105,195,29,'2025-11-06 09:05:41'),(106,106,196,6,'2025-11-06 09:05:41'),(107,107,197,27,'2025-10-30 12:46:51'),(108,108,198,4,'2025-11-06 09:05:41'),(109,109,199,31,'2025-11-06 09:05:41'),(110,110,200,44,'2025-11-06 09:05:41'),(111,111,201,9,'2025-11-06 09:05:41'),(112,112,202,32,'2025-11-06 09:05:41'),(113,113,203,33,'2025-11-06 09:05:41'),(114,114,204,39,'2025-11-06 09:05:41'),(115,115,205,14,'2025-11-06 09:05:41'),(116,116,206,24,'2025-10-30 12:46:51'),(117,117,207,20,'2025-11-06 09:05:41'),(118,118,208,42,'2025-11-06 09:05:41'),(119,119,209,27,'2025-11-06 09:05:41'),(120,120,210,30,'2025-11-06 09:05:41'),(121,121,241,26,'2025-11-06 09:05:41'),(122,122,242,45,'2025-11-06 09:05:41'),(123,123,243,30,'2025-11-06 09:05:41'),(124,124,244,17,'2025-11-06 09:05:41'),(125,125,245,13,'2025-10-30 12:46:51'),(126,126,246,29,'2025-11-06 09:05:41'),(127,127,247,11,'2025-10-30 12:46:51'),(128,128,248,28,'2025-11-06 09:05:41'),(129,129,249,40,'2025-10-30 12:46:51'),(130,130,250,21,'2025-10-30 12:46:51'),(131,131,251,28,'2025-10-30 12:46:51'),(132,132,252,22,'2025-11-06 09:05:41'),(133,133,253,34,'2025-11-06 09:05:41'),(134,134,254,7,'2025-10-30 12:46:51'),(135,135,255,25,'2025-11-06 09:05:41'),(136,136,256,24,'2025-11-06 09:05:41'),(137,137,257,38,'2025-11-06 09:05:42'),(138,138,258,18,'2025-11-06 09:05:42'),(139,139,259,18,'2025-11-06 09:05:42'),(140,140,260,30,'2025-11-06 09:05:42'),(141,141,261,6,'2025-11-06 09:05:42'),(142,142,262,24,'2025-11-06 09:05:42'),(143,143,263,21,'2025-11-06 09:05:42'),(144,144,264,29,'2025-11-06 09:05:42'),(145,145,265,3,'2025-11-06 09:05:42'),(146,146,266,22,'2025-11-06 09:05:42'),(147,147,267,10,'2025-10-30 12:46:51'),(148,148,268,13,'2025-11-06 09:05:42'),(149,149,269,7,'2025-11-06 09:05:42'),(150,150,270,10,'2025-10-30 12:46:51'),(151,1,5,1,'2025-11-06 09:05:41'),(152,1,57,8,'2025-11-06 09:05:41'),(153,2,30,4,'2025-11-06 09:05:41'),(154,3,45,10,'2025-11-06 09:05:41'),(155,4,29,2,'2025-11-06 09:05:41'),(156,4,41,10,'2025-11-06 09:05:41'),(157,7,24,8,'2025-11-06 09:05:41'),(158,7,43,5,'2025-11-06 09:05:41'),(159,8,53,5,'2025-11-06 09:05:41'),(160,9,1,8,'2025-11-06 09:05:41'),(161,10,22,9,'2025-11-06 09:05:41'),(162,11,60,9,'2025-11-06 09:05:41'),(163,12,30,7,'2025-11-06 09:05:41'),(164,12,47,7,'2025-11-06 09:05:41'),(165,13,16,1,'2025-11-06 09:05:41'),(166,14,46,4,'2025-11-06 09:05:41'),(167,14,31,1,'2025-11-06 09:05:41'),(168,16,30,2,'2025-11-06 09:05:41'),(169,16,7,7,'2025-11-06 09:05:41'),(170,16,28,10,'2025-11-06 09:05:41'),(171,17,5,3,'2025-11-06 09:05:41'),(172,18,31,1,'2025-11-06 09:05:41'),(173,19,4,7,'2025-11-06 09:05:41'),(174,19,24,1,'2025-11-06 09:05:41'),(175,20,45,5,'2025-11-06 09:05:41'),(176,20,19,1,'2025-11-06 09:05:41'),(177,21,58,3,'2025-11-06 09:05:41'),(178,22,49,1,'2025-11-06 09:05:41'),(179,23,1,1,'2025-11-06 09:05:41'),(180,23,50,7,'2025-11-06 09:05:41'),(181,23,41,1,'2025-11-06 09:05:41'),(182,24,28,6,'2025-11-06 09:05:41'),(183,24,30,9,'2025-11-06 09:05:41'),(184,24,21,4,'2025-11-06 09:05:41'),(185,25,36,1,'2025-11-06 09:05:41'),(186,25,1,1,'2025-11-06 09:05:41'),(187,26,60,7,'2025-11-06 09:05:41'),(188,26,28,10,'2025-11-06 09:05:41'),(189,27,1,1,'2025-11-06 09:05:41'),(190,27,55,4,'2025-11-06 09:05:41'),(191,28,57,2,'2025-11-06 09:05:41'),(192,28,47,7,'2025-11-06 09:05:41'),(193,28,32,7,'2025-11-06 09:05:41'),(194,29,11,5,'2025-11-06 09:05:41'),(195,30,51,7,'2025-11-06 09:05:41'),(197,33,102,6,'2025-11-06 09:05:41'),(198,34,87,3,'2025-11-06 09:05:41'),(199,34,87,3,'2025-11-06 09:05:41'),(200,34,106,7,'2025-11-06 09:05:41'),(201,35,108,1,'2025-11-06 09:05:41'),(202,36,74,2,'2025-11-06 09:05:41'),(203,36,114,2,'2025-11-06 09:05:41'),(204,37,106,4,'2025-11-06 09:05:41'),(205,37,82,6,'2025-11-06 09:05:41'),(206,37,86,9,'2025-11-06 09:05:41'),(207,38,115,4,'2025-11-06 09:05:41'),(208,38,101,9,'2025-11-06 09:05:41'),(209,39,114,4,'2025-11-06 09:05:41'),(210,39,82,2,'2025-11-06 09:05:41'),(211,39,72,6,'2025-11-06 09:05:41'),(212,40,77,5,'2025-11-06 09:05:41'),(213,41,120,5,'2025-11-06 09:05:41'),(214,41,76,7,'2025-11-06 09:05:41'),(215,42,107,6,'2025-11-06 09:05:41'),(216,42,79,9,'2025-11-06 09:05:41'),(218,44,101,3,'2025-11-06 09:05:41'),(219,45,107,1,'2025-11-06 09:05:41'),(220,45,102,1,'2025-11-06 09:05:41'),(221,45,108,1,'2025-11-06 09:05:41'),(222,46,67,4,'2025-11-06 09:05:41'),(223,47,86,1,'2025-11-06 09:05:41'),(224,47,83,6,'2025-11-06 09:05:41'),(225,48,91,5,'2025-11-06 09:05:41'),(226,48,97,4,'2025-11-06 09:05:41'),(227,48,101,1,'2025-11-06 09:05:41'),(228,49,76,6,'2025-11-06 09:05:41'),(229,50,75,3,'2025-11-06 09:05:41'),(230,52,80,3,'2025-11-06 09:05:41'),(231,53,79,2,'2025-11-06 09:05:41'),(232,54,120,3,'2025-11-06 09:05:41'),(233,55,94,5,'2025-11-06 09:05:41'),(234,55,102,7,'2025-11-06 09:05:41'),(235,56,74,8,'2025-11-06 09:05:41'),(236,58,89,6,'2025-11-06 09:05:41'),(237,58,96,1,'2025-11-06 09:05:41'),(238,59,101,7,'2025-11-06 09:05:41'),(239,60,96,4,'2025-11-06 09:05:41'),(240,61,177,5,'2025-11-06 09:05:41'),(241,63,124,5,'2025-11-06 09:05:41'),(242,63,136,8,'2025-11-06 09:05:41'),(243,64,128,9,'2025-11-06 09:05:41'),(244,65,154,1,'2025-11-06 09:05:41'),(245,67,128,6,'2025-11-06 09:05:41'),(246,70,124,5,'2025-11-06 09:05:41'),(247,71,159,4,'2025-11-06 09:05:41'),(248,72,140,4,'2025-11-06 09:05:41'),(249,72,178,9,'2025-11-06 09:05:41'),(250,72,145,6,'2025-11-06 09:05:41'),(251,73,157,1,'2025-11-06 09:05:41'),(252,73,163,10,'2025-11-06 09:05:41'),(253,74,150,1,'2025-11-06 09:05:41'),(254,74,179,1,'2025-11-06 09:05:41'),(255,74,167,6,'2025-11-06 09:05:41'),(256,75,127,6,'2025-11-06 09:05:41'),(257,76,176,4,'2025-11-06 09:05:41'),(258,76,158,2,'2025-11-06 09:05:41'),(259,76,138,6,'2025-11-06 09:05:41'),(260,77,155,3,'2025-11-06 09:05:41'),(261,78,156,2,'2025-11-06 09:05:41'),(262,78,163,4,'2025-11-06 09:05:41'),(263,79,158,7,'2025-11-06 09:05:41'),(264,80,138,7,'2025-11-06 09:05:41'),(265,82,173,8,'2025-11-06 09:05:41'),(266,82,167,9,'2025-11-06 09:05:41'),(267,83,140,6,'2025-11-06 09:05:41'),(268,83,156,4,'2025-11-06 09:05:41'),(269,83,136,2,'2025-11-06 09:05:41'),(270,84,126,9,'2025-11-06 09:05:41'),(271,86,140,6,'2025-11-06 09:05:41'),(272,86,150,8,'2025-11-06 09:05:41'),(273,87,164,8,'2025-11-06 09:05:41'),(274,87,160,1,'2025-11-06 09:05:41'),(275,88,142,4,'2025-11-06 09:05:41'),(276,88,138,1,'2025-11-06 09:05:41'),(277,89,159,6,'2025-11-06 09:05:41'),(278,89,180,8,'2025-11-06 09:05:41'),(279,90,126,1,'2025-11-06 09:05:41'),(280,90,159,2,'2025-11-06 09:05:41'),(281,91,222,6,'2025-11-06 09:05:41'),(282,92,206,6,'2025-11-06 09:05:41'),(283,92,183,4,'2025-11-06 09:05:41'),(284,93,233,9,'2025-11-06 09:05:41'),(285,94,219,1,'2025-11-06 09:05:41'),(286,94,203,5,'2025-11-06 09:05:41'),(287,95,229,9,'2025-11-06 09:05:41'),(288,95,222,4,'2025-11-06 09:05:41'),(289,96,217,5,'2025-11-06 09:05:41'),(290,97,207,2,'2025-11-06 09:05:41'),(291,97,235,4,'2025-11-06 09:05:41'),(292,98,191,3,'2025-11-06 09:05:41'),(293,99,191,6,'2025-11-06 09:05:41'),(294,99,222,6,'2025-11-06 09:05:41'),(295,99,198,3,'2025-11-06 09:05:41'),(296,100,199,4,'2025-11-06 09:05:41'),(297,101,218,1,'2025-11-06 09:05:41'),(298,102,217,3,'2025-11-06 09:05:41'),(299,103,220,6,'2025-11-06 09:05:41'),(300,104,222,1,'2025-11-06 09:05:41'),(301,105,181,9,'2025-11-06 09:05:41'),(302,106,194,1,'2025-11-06 09:05:41'),(303,106,201,7,'2025-11-06 09:05:41'),(304,106,207,4,'2025-11-06 09:05:41'),(305,107,240,10,'2025-11-06 09:05:41'),(306,108,181,1,'2025-11-06 09:05:41'),(307,109,228,6,'2025-11-06 09:05:41'),(308,110,228,2,'2025-11-06 09:05:41'),(309,110,232,8,'2025-11-06 09:05:41'),(310,111,227,2,'2025-11-06 09:05:41'),(311,111,184,5,'2025-11-06 09:05:41'),(312,113,230,9,'2025-11-06 09:05:41'),(314,114,214,2,'2025-11-06 09:05:41'),(315,115,238,4,'2025-11-06 09:05:41'),(316,115,191,6,'2025-11-06 09:05:41'),(317,115,217,7,'2025-11-06 09:05:41'),(318,116,226,10,'2025-11-06 09:05:41'),(319,117,211,6,'2025-11-06 09:05:41'),(320,117,199,5,'2025-11-06 09:05:41'),(321,118,211,7,'2025-11-06 09:05:41'),(322,118,201,9,'2025-11-06 09:05:41'),(323,119,183,4,'2025-11-06 09:05:41'),(324,119,181,10,'2025-11-06 09:05:41'),(325,120,230,10,'2025-11-06 09:05:41'),(326,121,293,7,'2025-11-06 09:05:41'),(327,124,254,2,'2025-11-06 09:05:41'),(328,124,247,10,'2025-11-06 09:05:41'),(329,124,299,6,'2025-11-06 09:05:41'),(330,125,281,3,'2025-11-06 09:05:41'),(331,126,264,9,'2025-11-06 09:05:41'),(332,127,252,7,'2025-11-06 09:05:41'),(333,129,296,2,'2025-11-06 09:05:41'),(334,129,242,6,'2025-11-06 09:05:41'),(335,130,248,6,'2025-11-06 09:05:41'),(336,131,266,8,'2025-11-06 09:05:41'),(337,131,264,4,'2025-11-06 09:05:41'),(338,132,244,2,'2025-11-06 09:05:41'),(339,134,252,3,'2025-11-06 09:05:41'),(340,135,286,6,'2025-11-06 09:05:41'),(341,135,275,1,'2025-11-06 09:05:41'),(342,136,289,9,'2025-11-06 09:05:41'),(343,137,272,4,'2025-11-06 09:05:42'),(344,137,261,1,'2025-11-06 09:05:42'),(345,138,246,7,'2025-11-06 09:05:42'),(346,139,282,4,'2025-11-06 09:05:42'),(347,139,291,4,'2025-11-06 09:05:42'),(348,142,295,8,'2025-11-06 09:05:42'),(349,144,283,4,'2025-11-06 09:05:42'),(350,145,243,2,'2025-11-06 09:05:42'),(351,145,273,1,'2025-11-06 09:05:42'),(352,145,290,3,'2025-11-06 09:05:42'),(353,146,267,2,'2025-11-06 09:05:42'),(354,147,274,3,'2025-11-06 09:05:42'),(355,148,278,9,'2025-11-06 09:05:42'),(356,148,256,6,'2025-11-06 09:05:42'),(357,149,298,7,'2025-11-06 09:05:42'),(358,150,300,8,'2025-11-06 09:05:42');
/*!40000 ALTER TABLE `inventory` ENABLE KEYS */;
UNLOCK TABLES;

--
-- Table structure for table `item`
--

DROP TABLE IF EXISTS `item`;
/*!40101 SET @saved_cs_client     = @@character_set_client */;
/*!50503 SET character_set_client = utf8mb4 */;
CREATE TABLE `item` (
  `item_id` int NOT NULL AUTO_INCREMENT,
  `name` varchar(255) COLLATE utf8mb4_general_ci NOT NULL,
  `description` varchar(255) COLLATE utf8mb4_general_ci DEFAULT NULL,
  `min_level` int DEFAULT '0',
  `max_level` int DEFAULT '0',
  `supplier_id` int DEFAULT NULL,
  PRIMARY KEY (`item_id`),
  KEY `supplier_id` (`supplier_id`),
  CONSTRAINT `item_ibfk_1` FOREIGN KEY (`supplier_id`) REFERENCES `supplier` (`supplier_id`) ON DELETE SET NULL ON UPDATE CASCADE
) ENGINE=InnoDB AUTO_INCREMENT=151 DEFAULT CHARSET=utf8mb4 COLLATE=utf8mb4_general_ci;
/*!40101 SET character_set_client = @saved_cs_client */;

--
-- Dumping data for table `item`
--

LOCK TABLES `item` WRITE;
/*!40000 ALTER TABLE `item` DISABLE KEYS */;
INSERT INTO `item` VALUES (1,'Dell XPS 13','Premium ultrabook for developers',5,50,7),(2,'Dell XPS 15','High-performance laptop with OLED display',5,50,7),(3,'Dell XPS 17','Large-screen workstation laptop',5,50,7),(4,'Dell Inspiron 14','Affordable everyday laptop',5,50,7),(5,'Dell Inspiron 15','Budget laptop for programming',5,50,7),(6,'Dell Latitude 5540','Business-class laptop',5,50,7),(7,'Dell Alienware m18','Gaming laptop for heavy tasks',5,50,7),(8,'Dell Precision 5680','Mobile workstation',5,50,7),(9,'HP Spectre x360 14','Convertible premium laptop',5,50,8),(10,'HP Envy 16','Creative laptop with powerful GPU',5,50,8),(11,'HP Pavilion 15','Versatile mid-range laptop',5,50,8),(12,'HP Omen 16','Gaming laptop for developers',5,50,8),(13,'HP ZBook Firefly','Lightweight workstation',5,50,8),(14,'HP EliteBook 845','Secure business laptop',5,50,8),(15,'HP OmniBook X','AI-powered laptop',5,50,8),(16,'Apple MacBook Air 13 M3','Lightweight laptop for coding',5,50,5),(17,'Apple MacBook Air 15 M3','Larger screen MacBook Air',5,50,5),(18,'Apple MacBook Pro 14 M4','Pro laptop for intensive tasks',5,50,5),(19,'Apple MacBook Pro 16 M4','High-end pro laptop',5,50,5),(20,'Apple iMac 24 M3','All-in-one desktop',5,50,5),(21,'Apple Mac Mini M4','Compact desktop',5,50,5),(22,'Apple Mac Studio M2','Powerful compact desktop',5,50,5),(23,'Microsoft Surface Laptop 7 13','Sleek Windows laptop',5,50,4),(24,'Microsoft Surface Laptop 7 15','Larger Surface Laptop',5,50,4),(25,'Microsoft Surface Pro 11','2-in-1 tablet laptop',5,50,4),(26,'Microsoft Surface Studio 2+','All-in-one for creatives',5,50,4),(27,'Dell Inspiron 16','Large budget laptop',5,50,7),(28,'HP Envy x360 14','Convertible mid-range',5,50,8),(29,'Apple Mac Pro','High-end workstation',5,50,5),(30,'Microsoft Surface Laptop Studio 2','Creative laptop',5,50,4),(31,'Intel Core i9-14900K','High-end desktop CPU',5,50,1),(32,'Intel Core i7-14700K','Performance CPU for gaming',5,50,1),(33,'Intel Core i5-14600K','Mid-range unlocked CPU',5,50,1),(34,'Intel Core i3-14100','Budget desktop CPU',5,50,1),(35,'Intel Core Ultra 9 285K','Next-gen AI CPU',5,50,1),(36,'Intel Core Ultra 7 265K','High-performance AI CPU',5,50,1),(37,'Intel Core Ultra 5 245K','Mid-range AI CPU',5,50,1),(38,'Intel Xeon w9-3495X','Workstation CPU',5,50,1),(39,'Intel Core i9-13900K','Previous gen high-end',5,50,1),(40,'Intel Core i7-13700K','Previous gen performance',5,50,1),(41,'AMD Ryzen 9 9950X','Top-tier Zen 5 CPU',5,50,2),(42,'AMD Ryzen 9 9900X','High-end Zen 5 CPU',5,50,2),(43,'AMD Ryzen 7 9700X','Performance Zen 5 CPU',5,50,2),(44,'AMD Ryzen 5 9600X','Mid-range Zen 5 CPU',5,50,2),(45,'AMD Ryzen 9 7950X3D','Gaming CPU with 3D cache',5,50,2),(46,'AMD Ryzen 7 7800X3D','Best gaming CPU',5,50,2),(47,'AMD Ryzen 5 7600X','Budget performance CPU',5,50,2),(48,'AMD Ryzen Threadripper 7980X','High-core workstation CPU',5,50,2),(49,'AMD Ryzen 9 5950X','Previous gen high-end',5,50,2),(50,'AMD Ryzen 7 5800X','Previous gen performance',5,50,2),(51,'Intel Core i5-13400','Budget locked CPU',5,50,1),(52,'AMD Ryzen 5 5600G','APU with graphics',5,50,2),(53,'Intel Core Ultra 7 155H','Laptop CPU',5,50,1),(54,'AMD Ryzen 7 8845HS','Laptop high-end CPU',5,50,2),(55,'Intel Core i9-14900HX','Mobile workstation CPU',5,50,1),(56,'AMD Ryzen 9 7945HX','Mobile gaming CPU',5,50,2),(57,'Intel Pentium Gold G7400','Entry-level CPU',5,50,1),(58,'AMD Athlon 3000G','Budget APU',5,50,2),(59,'Intel Core i7-14700F','No-IGPU performance CPU',5,50,1),(60,'AMD Ryzen 5 8500G','Modern APU',5,50,2),(61,'NVIDIA GeForce RTX 5090','Flagship GPU for 2025',5,50,3),(62,'NVIDIA GeForce RTX 5080','High-end Blackwell GPU',5,50,3),(63,'NVIDIA GeForce RTX 4090','Top-tier Ada Lovelace GPU',5,50,3),(64,'NVIDIA GeForce RTX 4080','High-performance GPU',5,50,3),(65,'NVIDIA GeForce RTX 4070 Ti','Upper mid-range GPU',5,50,3),(66,'NVIDIA GeForce RTX 4070','Mid-range gaming GPU',5,50,3),(67,'NVIDIA GeForce RTX 4060 Ti','Affordable ray-tracing GPU',5,50,3),(68,'NVIDIA GeForce RTX 4060','Entry-level modern GPU',5,50,3),(69,'NVIDIA GeForce RTX 3090','Previous gen flagship',5,50,3),(70,'NVIDIA GeForce RTX 3080','Previous gen high-end',5,50,3),(71,'AMD Radeon RX 9060 XT','Upcoming RDNA 4 GPU',5,50,2),(72,'AMD Radeon RX 7900 XTX','Flagship RDNA 3 GPU',5,50,2),(73,'AMD Radeon RX 7900 XT','High-end RDNA 3 GPU',5,50,2),(74,'AMD Radeon RX 7800 XT','Upper mid-range GPU',5,50,2),(75,'AMD Radeon RX 7700 XT','Mid-range gaming GPU',5,50,2),(76,'AMD Radeon RX 7600','Affordable 1080p GPU',5,50,2),(77,'AMD Radeon RX 6800 XT','Previous gen high-end',5,50,2),(78,'AMD Radeon RX 6700 XT','Previous gen mid-range',5,50,2),(79,'NVIDIA GeForce RTX 5070 Ti','Mid-high Blackwell GPU',5,50,3),(80,'NVIDIA GeForce RTX 5070','Mid-range Blackwell GPU',5,50,3),(81,'NVIDIA GeForce RTX 4050','Entry-level laptop GPU',5,50,3),(82,'AMD Radeon RX 6600','Budget previous gen GPU',5,50,2),(83,'NVIDIA Quadro RTX A6000','Professional GPU',5,50,3),(84,'AMD Radeon Pro W7900','Professional workstation GPU',5,50,2),(85,'NVIDIA GeForce RTX 3060','Popular mid-range GPU',5,50,3),(86,'AMD Radeon RX 6500 XT','Entry-level GPU',5,50,2),(87,'NVIDIA GeForce GTX 1660 Super','Legacy budget GPU',5,50,3),(88,'AMD Radeon RX 580','Legacy mid-range GPU',5,50,2),(89,'NVIDIA GeForce RTX 4080 Super','Enhanced high-end GPU',5,50,3),(90,'AMD Radeon RX 7900 GRE','Value high-end GPU',5,50,2),(91,'Logitech MX Master 3S','Ergonomic wireless mouse',5,50,9),(92,'Logitech MX Keys','Wireless illuminated keyboard',5,50,9),(93,'Logitech G502 Hero','Gaming mouse with high DPI',5,50,9),(94,'Logitech G Pro X Superlight','Lightweight gaming mouse',5,50,9),(95,'Logitech C920 HD Pro Webcam','Full HD webcam',5,50,9),(96,'Logitech Zone Wireless 2','Noise-cancelling headset',5,50,9),(97,'Logitech StreamCam','Streaming webcam',5,50,9),(98,'Logitech G915 Lightspeed','Wireless mechanical keyboard',5,50,9),(99,'Logitech MX Anywhere 3','Portable mouse',5,50,9),(100,'Logitech K380','Multi-device Bluetooth keyboard',5,50,9),(101,'Corsair K70 RGB Pro','Mechanical gaming keyboard',5,50,10),(102,'Corsair M65 RGB Ultra','Gaming mouse with customizable weights',5,50,10),(103,'Corsair HS80 RGB Wireless','Wireless gaming headset',5,50,10),(104,'Corsair Nightsabre Wireless','Ultra-light gaming mouse',5,50,10),(105,'Corsair Virtuoso RGB','Premium wireless headset',5,50,10),(106,'Corsair K100 RGB','Optical-mechanical keyboard',5,50,10),(107,'Corsair Scimitar RGB Elite','MMO gaming mouse',5,50,10),(108,'Corsair MM700 RGB','Extended mouse pad',5,50,10),(109,'Logitech G29 Driving Force','Racing wheel',5,50,9),(110,'Logitech Blue Yeti','USB microphone',5,50,9),(111,'Corsair Elgato Facecam','Full HD webcam',5,50,10),(112,'Logitech MX Mechanical','Mechanical keyboard',5,50,9),(113,'Corsair K60 RGB Pro','Budget mechanical keyboard',5,50,10),(114,'Logitech G733 Lightspeed','Wireless gaming headset',5,50,9),(115,'Corsair Ironclaw RGB','Large-hand gaming mouse',5,50,10),(116,'Logitech ERGO K860','Ergonomic keyboard',5,50,9),(117,'Corsair Katar Pro XT','Ultra-light mouse',5,50,10),(118,'Logitech G305 Lightspeed','Wireless budget mouse',5,50,9),(119,'Corsair HS70 Pro','Wireless headset',5,50,10),(120,'Logitech MX Vertical','Ergonomic vertical mouse',5,50,9),(121,'JetBrains IntelliJ IDEA Ultimate','Java IDE license',5,50,6),(122,'JetBrains PyCharm Professional','Python IDE license',5,50,6),(123,'JetBrains WebStorm','JavaScript IDE license',5,50,6),(124,'JetBrains PhpStorm','PHP IDE license',5,50,6),(125,'JetBrains ReSharper','.NET tools license',5,50,6),(126,'JetBrains Rider','.NET IDE license',5,50,6),(127,'JetBrains CLion','C/C++ IDE license',5,50,6),(128,'JetBrains DataGrip','Database IDE license',5,50,6),(129,'JetBrains RubyMine','Ruby IDE license',5,50,6),(130,'JetBrains GoLand','Go IDE license',5,50,6),(131,'Microsoft Windows 11 Pro','Operating system license',5,50,4),(132,'Microsoft Office 365','Productivity suite license',5,50,4),(133,'Microsoft Visual Studio Professional','IDE license',5,50,4),(134,'Microsoft Azure DevOps','Dev tools license',5,50,4),(135,'Corsair Vengeance RGB Pro 32GB','DDR4 RAM kit',5,50,10),(136,'Corsair Dominator Platinum 64GB','High-end DDR5 RAM',5,50,10),(137,'Corsair RM850x','850W modular PSU',5,50,10),(138,'Corsair iCUE H150i','360mm AIO cooler',5,50,10),(139,'Corsair MP600 Pro 1TB','NVMe SSD',5,50,10),(140,'Corsair 5000D Airflow','Mid-tower PC case',5,50,10),(141,'JetBrains All Products Pack','Full suite license',5,50,6),(142,'Microsoft Surface Arc Mouse','Portable mouse',5,50,4),(143,'Microsoft Modern Keyboard','Wireless keyboard',5,50,4),(144,'Corsair Vengeance LPX 16GB','Budget DDR4 RAM',5,50,10),(145,'Corsair SF750','SFX PSU for small builds',5,50,10),(146,'JetBrains Fleet','Next-gen IDE license',5,50,6),(147,'Microsoft Power BI Pro','Analytics tool license',5,50,4),(148,'Corsair LL120 RGB','RGB case fans',5,50,10),(149,'JetBrains Aqua','Test automation IDE',5,50,6),(150,'Microsoft Teams Premium','Collaboration license',5,50,4);
/*!40000 ALTER TABLE `item` ENABLE KEYS */;
UNLOCK TABLES;

--
-- Table structure for table `location`
--

DROP TABLE IF EXISTS `location`;
/*!40101 SET @saved_cs_client     = @@character_set_client */;
/*!50503 SET character_set_client = utf8mb4 */;
CREATE TABLE `location` (
  `location_id` int NOT NULL AUTO_INCREMENT,
  `rack` varchar(255) COLLATE utf8mb4_general_ci NOT NULL,
  `level` varchar(255) COLLATE utf8mb4_general_ci NOT NULL,
  `position` varchar(255) COLLATE utf8mb4_general_ci NOT NULL,
  `description` varchar(255) COLLATE utf8mb4_general_ci DEFAULT NULL,
  PRIMARY KEY (`location_id`)
) ENGINE=InnoDB AUTO_INCREMENT=301 DEFAULT CHARSET=utf8mb4 COLLATE=utf8mb4_general_ci;
/*!40101 SET character_set_client = @saved_cs_client */;

--
-- Dumping data for table `location`
--

LOCK TABLES `location` WRITE;
/*!40000 ALTER TABLE `location` DISABLE KEYS */;
INSERT INTO `location` VALUES (1,'1','1','1','стелаж №1, рівень №1, позиція №1'),(2,'1','1','2','стелаж №1, рівень №1, позиція №2'),(3,'1','1','3','стелаж №1, рівень №1, позиція №3'),(4,'1','1','4','стелаж №1, рівень №1, позиція №4'),(5,'1','1','5','стелаж №1, рівень №1, позиція №5'),(6,'1','1','6','стелаж №1, рівень №1, позиція №6'),(7,'1','1','7','стелаж №1, рівень №1, позиція №7'),(8,'1','1','8','стелаж №1, рівень №1, позиція №8'),(9,'1','1','9','стелаж №1, рівень №1, позиція №9'),(10,'1','1','10','стелаж №1, рівень №1, позиція №10'),(11,'1','1','11','стелаж №1, рівень №1, позиція №11'),(12,'1','1','12','стелаж №1, рівень №1, позиція №12'),(13,'1','1','13','стелаж №1, рівень №1, позиція №13'),(14,'1','1','14','стелаж №1, рівень №1, позиція №14'),(15,'1','1','15','стелаж №1, рівень №1, позиція №15'),(16,'1','2','1','стелаж №1, рівень №2, позиція №1'),(17,'1','2','2','стелаж №1, рівень №2, позиція №2'),(18,'1','2','3','стелаж №1, рівень №2, позиція №3'),(19,'1','2','4','стелаж №1, рівень №2, позиція №4'),(20,'1','2','5','стелаж №1, рівень №2, позиція №5'),(21,'1','2','6','стелаж №1, рівень №2, позиція №6'),(22,'1','2','7','стелаж №1, рівень №2, позиція №7'),(23,'1','2','8','стелаж №1, рівень №2, позиція №8'),(24,'1','2','9','стелаж №1, рівень №2, позиція №9'),(25,'1','2','10','стелаж №1, рівень №2, позиція №10'),(26,'1','2','11','стелаж №1, рівень №2, позиція №11'),(27,'1','2','12','стелаж №1, рівень №2, позиція №12'),(28,'1','2','13','стелаж №1, рівень №2, позиція №13'),(29,'1','2','14','стелаж №1, рівень №2, позиція №14'),(30,'1','2','15','стелаж №1, рівень №2, позиція №15'),(31,'1','3','1','стелаж №1, рівень №3, позиція №1'),(32,'1','3','2','стелаж №1, рівень №3, позиція №2'),(33,'1','3','3','стелаж №1, рівень №3, позиція №3'),(34,'1','3','4','стелаж №1, рівень №3, позиція №4'),(35,'1','3','5','стелаж №1, рівень №3, позиція №5'),(36,'1','3','6','стелаж №1, рівень №3, позиція №6'),(37,'1','3','7','стелаж №1, рівень №3, позиція №7'),(38,'1','3','8','стелаж №1, рівень №3, позиція №8'),(39,'1','3','9','стелаж №1, рівень №3, позиція №9'),(40,'1','3','10','стелаж №1, рівень №3, позиція №10'),(41,'1','3','11','стелаж №1, рівень №3, позиція №11'),(42,'1','3','12','стелаж №1, рівень №3, позиція №12'),(43,'1','3','13','стелаж №1, рівень №3, позиція №13'),(44,'1','3','14','стелаж №1, рівень №3, позиція №14'),(45,'1','3','15','стелаж №1, рівень №3, позиція №15'),(46,'1','4','1','стелаж №1, рівень №4, позиція №1'),(47,'1','4','2','стелаж №1, рівень №4, позиція №2'),(48,'1','4','3','стелаж №1, рівень №4, позиція №3'),(49,'1','4','4','стелаж №1, рівень №4, позиція №4'),(50,'1','4','5','стелаж №1, рівень №4, позиція №5'),(51,'1','4','6','стелаж №1, рівень №4, позиція №6'),(52,'1','4','7','стелаж №1, рівень №4, позиція №7'),(53,'1','4','8','стелаж №1, рівень №4, позиція №8'),(54,'1','4','9','стелаж №1, рівень №4, позиція №9'),(55,'1','4','10','стелаж №1, рівень №4, позиція №10'),(56,'1','4','11','стелаж №1, рівень №4, позиція №11'),(57,'1','4','12','стелаж №1, рівень №4, позиція №12'),(58,'1','4','13','стелаж №1, рівень №4, позиція №13'),(59,'1','4','14','стелаж №1, рівень №4, позиція №14'),(60,'1','4','15','стелаж №1, рівень №4, позиція №15'),(61,'2','1','1','стелаж №2, рівень №1, позиція №1'),(62,'2','1','2','стелаж №2, рівень №1, позиція №2'),(63,'2','1','3','стелаж №2, рівень №1, позиція №3'),(64,'2','1','4','стелаж №2, рівень №1, позиція №4'),(65,'2','1','5','стелаж №2, рівень №1, позиція №5'),(66,'2','1','6','стелаж №2, рівень №1, позиція №6'),(67,'2','1','7','стелаж №2, рівень №1, позиція №7'),(68,'2','1','8','стелаж №2, рівень №1, позиція №8'),(69,'2','1','9','стелаж №2, рівень №1, позиція №9'),(70,'2','1','10','стелаж №2, рівень №1, позиція №10'),(71,'2','1','11','стелаж №2, рівень №1, позиція №11'),(72,'2','1','12','стелаж №2, рівень №1, позиція №12'),(73,'2','1','13','стелаж №2, рівень №1, позиція №13'),(74,'2','1','14','стелаж №2, рівень №1, позиція №14'),(75,'2','1','15','стелаж №2, рівень №1, позиція №15'),(76,'2','2','1','стелаж №2, рівень №2, позиція №1'),(77,'2','2','2','стелаж №2, рівень №2, позиція №2'),(78,'2','2','3','стелаж №2, рівень №2, позиція №3'),(79,'2','2','4','стелаж №2, рівень №2, позиція №4'),(80,'2','2','5','стелаж №2, рівень №2, позиція №5'),(81,'2','2','6','стелаж №2, рівень №2, позиція №6'),(82,'2','2','7','стелаж №2, рівень №2, позиція №7'),(83,'2','2','8','стелаж №2, рівень №2, позиція №8'),(84,'2','2','9','стелаж №2, рівень №2, позиція №9'),(85,'2','2','10','стелаж №2, рівень №2, позиція №10'),(86,'2','2','11','стелаж №2, рівень №2, позиція №11'),(87,'2','2','12','стелаж №2, рівень №2, позиція №12'),(88,'2','2','13','стелаж №2, рівень №2, позиція №13'),(89,'2','2','14','стелаж №2, рівень №2, позиція №14'),(90,'2','2','15','стелаж №2, рівень №2, позиція №15'),(91,'2','3','1','стелаж №2, рівень №3, позиція №1'),(92,'2','3','2','стелаж №2, рівень №3, позиція №2'),(93,'2','3','3','стелаж №2, рівень №3, позиція №3'),(94,'2','3','4','стелаж №2, рівень №3, позиція №4'),(95,'2','3','5','стелаж №2, рівень №3, позиція №5'),(96,'2','3','6','стелаж №2, рівень №3, позиція №6'),(97,'2','3','7','стелаж №2, рівень №3, позиція №7'),(98,'2','3','8','стелаж №2, рівень №3, позиція №8'),(99,'2','3','9','стелаж №2, рівень №3, позиція №9'),(100,'2','3','10','стелаж №2, рівень №3, позиція №10'),(101,'2','3','11','стелаж №2, рівень №3, позиція №11'),(102,'2','3','12','стелаж №2, рівень №3, позиція №12'),(103,'2','3','13','стелаж №2, рівень №3, позиція №13'),(104,'2','3','14','стелаж №2, рівень №3, позиція №14'),(105,'2','3','15','стелаж №2, рівень №3, позиція №15'),(106,'2','4','1','стелаж №2, рівень №4, позиція №1'),(107,'2','4','2','стелаж №2, рівень №4, позиція №2'),(108,'2','4','3','стелаж №2, рівень №4, позиція №3'),(109,'2','4','4','стелаж №2, рівень №4, позиція №4'),(110,'2','4','5','стелаж №2, рівень №4, позиція №5'),(111,'2','4','6','стелаж №2, рівень №4, позиція №6'),(112,'2','4','7','стелаж №2, рівень №4, позиція №7'),(113,'2','4','8','стелаж №2, рівень №4, позиція №8'),(114,'2','4','9','стелаж №2, рівень №4, позиція №9'),(115,'2','4','10','стелаж №2, рівень №4, позиція №10'),(116,'2','4','11','стелаж №2, рівень №4, позиція №11'),(117,'2','4','12','стелаж №2, рівень №4, позиція №12'),(118,'2','4','13','стелаж №2, рівень №4, позиція №13'),(119,'2','4','14','стелаж №2, рівень №4, позиція №14'),(120,'2','4','15','стелаж №2, рівень №4, позиція №15'),(121,'3','1','1','стелаж №3, рівень №1, позиція №1'),(122,'3','1','2','стелаж №3, рівень №1, позиція №2'),(123,'3','1','3','стелаж №3, рівень №1, позиція №3'),(124,'3','1','4','стелаж №3, рівень №1, позиція №4'),(125,'3','1','5','стелаж №3, рівень №1, позиція №5'),(126,'3','1','6','стелаж №3, рівень №1, позиція №6'),(127,'3','1','7','стелаж №3, рівень №1, позиція №7'),(128,'3','1','8','стелаж №3, рівень №1, позиція №8'),(129,'3','1','9','стелаж №3, рівень №1, позиція №9'),(130,'3','1','10','стелаж №3, рівень №1, позиція №10'),(131,'3','1','11','стелаж №3, рівень №1, позиція №11'),(132,'3','1','12','стелаж №3, рівень №1, позиція №12'),(133,'3','1','13','стелаж №3, рівень №1, позиція №13'),(134,'3','1','14','стелаж №3, рівень №1, позиція №14'),(135,'3','1','15','стелаж №3, рівень №1, позиція №15'),(136,'3','2','1','стелаж №3, рівень №2, позиція №1'),(137,'3','2','2','стелаж №3, рівень №2, позиція №2'),(138,'3','2','3','стелаж №3, рівень №2, позиція №3'),(139,'3','2','4','стелаж №3, рівень №2, позиція №4'),(140,'3','2','5','стелаж №3, рівень №2, позиція №5'),(141,'3','2','6','стелаж №3, рівень №2, позиція №6'),(142,'3','2','7','стелаж №3, рівень №2, позиція №7'),(143,'3','2','8','стелаж №3, рівень №2, позиція №8'),(144,'3','2','9','стелаж №3, рівень №2, позиція №9'),(145,'3','2','10','стелаж №3, рівень №2, позиція №10'),(146,'3','2','11','стелаж №3, рівень №2, позиція №11'),(147,'3','2','12','стелаж №3, рівень №2, позиція №12'),(148,'3','2','13','стелаж №3, рівень №2, позиція №13'),(149,'3','2','14','стелаж №3, рівень №2, позиція №14'),(150,'3','2','15','стелаж №3, рівень №2, позиція №15'),(151,'3','3','1','стелаж №3, рівень №3, позиція №1'),(152,'3','3','2','стелаж №3, рівень №3, позиція №2'),(153,'3','3','3','стелаж №3, рівень №3, позиція №3'),(154,'3','3','4','стелаж №3, рівень №3, позиція №4'),(155,'3','3','5','стелаж №3, рівень №3, позиція №5'),(156,'3','3','6','стелаж №3, рівень №3, позиція №6'),(157,'3','3','7','стелаж №3, рівень №3, позиція №7'),(158,'3','3','8','стелаж №3, рівень №3, позиція №8'),(159,'3','3','9','стелаж №3, рівень №3, позиція №9'),(160,'3','3','10','стелаж №3, рівень №3, позиція №10'),(161,'3','3','11','стелаж №3, рівень №3, позиція №11'),(162,'3','3','12','стелаж №3, рівень №3, позиція №12'),(163,'3','3','13','стелаж №3, рівень №3, позиція №13'),(164,'3','3','14','стелаж №3, рівень №3, позиція №14'),(165,'3','3','15','стелаж №3, рівень №3, позиція №15'),(166,'3','4','1','стелаж №3, рівень №4, позиція №1'),(167,'3','4','2','стелаж №3, рівень №4, позиція №2'),(168,'3','4','3','стелаж №3, рівень №4, позиція №3'),(169,'3','4','4','стелаж №3, рівень №4, позиція №4'),(170,'3','4','5','стелаж №3, рівень №4, позиція №5'),(171,'3','4','6','стелаж №3, рівень №4, позиція №6'),(172,'3','4','7','стелаж №3, рівень №4, позиція №7'),(173,'3','4','8','стелаж №3, рівень №4, позиція №8'),(174,'3','4','9','стелаж №3, рівень №4, позиція №9'),(175,'3','4','10','стелаж №3, рівень №4, позиція №10'),(176,'3','4','11','стелаж №3, рівень №4, позиція №11'),(177,'3','4','12','стелаж №3, рівень №4, позиція №12'),(178,'3','4','13','стелаж №3, рівень №4, позиція №13'),(179,'3','4','14','стелаж №3, рівень №4, позиція №14'),(180,'3','4','15','стелаж №3, рівень №4, позиція №15'),(181,'4','1','1','стелаж №4, рівень №1, позиція №1'),(182,'4','1','2','стелаж №4, рівень №1, позиція №2'),(183,'4','1','3','стелаж №4, рівень №1, позиція №3'),(184,'4','1','4','стелаж №4, рівень №1, позиція №4'),(185,'4','1','5','стелаж №4, рівень №1, позиція №5'),(186,'4','1','6','стелаж №4, рівень №1, позиція №6'),(187,'4','1','7','стелаж №4, рівень №1, позиція №7'),(188,'4','1','8','стелаж №4, рівень №1, позиція №8'),(189,'4','1','9','стелаж №4, рівень №1, позиція №9'),(190,'4','1','10','стелаж №4, рівень №1, позиція №10'),(191,'4','1','11','стелаж №4, рівень №1, позиція №11'),(192,'4','1','12','стелаж №4, рівень №1, позиція №12'),(193,'4','1','13','стелаж №4, рівень №1, позиція №13'),(194,'4','1','14','стелаж №4, рівень №1, позиція №14'),(195,'4','1','15','стелаж №4, рівень №1, позиція №15'),(196,'4','2','1','стелаж №4, рівень №2, позиція №1'),(197,'4','2','2','стелаж №4, рівень №2, позиція №2'),(198,'4','2','3','стелаж №4, рівень №2, позиція №3'),(199,'4','2','4','стелаж №4, рівень №2, позиція №4'),(200,'4','2','5','стелаж №4, рівень №2, позиція №5'),(201,'4','2','6','стелаж №4, рівень №2, позиція №6'),(202,'4','2','7','стелаж №4, рівень №2, позиція №7'),(203,'4','2','8','стелаж №4, рівень №2, позиція №8'),(204,'4','2','9','стелаж №4, рівень №2, позиція №9'),(205,'4','2','10','стелаж №4, рівень №2, позиція №10'),(206,'4','2','11','стелаж №4, рівень №2, позиція №11'),(207,'4','2','12','стелаж №4, рівень №2, позиція №12'),(208,'4','2','13','стелаж №4, рівень №2, позиція №13'),(209,'4','2','14','стелаж №4, рівень №2, позиція №14'),(210,'4','2','15','стелаж №4, рівень №2, позиція №15'),(211,'4','3','1','стелаж №4, рівень №3, позиція №1'),(212,'4','3','2','стелаж №4, рівень №3, позиція №2'),(213,'4','3','3','стелаж №4, рівень №3, позиція №3'),(214,'4','3','4','стелаж №4, рівень №3, позиція №4'),(215,'4','3','5','стелаж №4, рівень №3, позиція №5'),(216,'4','3','6','стелаж №4, рівень №3, позиція №6'),(217,'4','3','7','стелаж №4, рівень №3, позиція №7'),(218,'4','3','8','стелаж №4, рівень №3, позиція №8'),(219,'4','3','9','стелаж №4, рівень №3, позиція №9'),(220,'4','3','10','стелаж №4, рівень №3, позиція №10'),(221,'4','3','11','стелаж №4, рівень №3, позиція №11'),(222,'4','3','12','стелаж №4, рівень №3, позиція №12'),(223,'4','3','13','стелаж №4, рівень №3, позиція №13'),(224,'4','3','14','стелаж №4, рівень №3, позиція №14'),(225,'4','3','15','стелаж №4, рівень №3, позиція №15'),(226,'4','4','1','стелаж №4, рівень №4, позиція №1'),(227,'4','4','2','стелаж №4, рівень №4, позиція №2'),(228,'4','4','3','стелаж №4, рівень №4, позиція №3'),(229,'4','4','4','стелаж №4, рівень №4, позиція №4'),(230,'4','4','5','стелаж №4, рівень №4, позиція №5'),(231,'4','4','6','стелаж №4, рівень №4, позиція №6'),(232,'4','4','7','стелаж №4, рівень №4, позиція №7'),(233,'4','4','8','стелаж №4, рівень №4, позиція №8'),(234,'4','4','9','стелаж №4, рівень №4, позиція №9'),(235,'4','4','10','стелаж №4, рівень №4, позиція №10'),(236,'4','4','11','стелаж №4, рівень №4, позиція №11'),(237,'4','4','12','стелаж №4, рівень №4, позиція №12'),(238,'4','4','13','стелаж №4, рівень №4, позиція №13'),(239,'4','4','14','стелаж №4, рівень №4, позиція №14'),(240,'4','4','15','стелаж №4, рівень №4, позиція №15'),(241,'5','1','1','стелаж №5, рівень №1, позиція №1'),(242,'5','1','2','стелаж №5, рівень №1, позиція №2'),(243,'5','1','3','стелаж №5, рівень №1, позиція №3'),(244,'5','1','4','стелаж №5, рівень №1, позиція №4'),(245,'5','1','5','стелаж №5, рівень №1, позиція №5'),(246,'5','1','6','стелаж №5, рівень №1, позиція №6'),(247,'5','1','7','стелаж №5, рівень №1, позиція №7'),(248,'5','1','8','стелаж №5, рівень №1, позиція №8'),(249,'5','1','9','стелаж №5, рівень №1, позиція №9'),(250,'5','1','10','стелаж №5, рівень №1, позиція №10'),(251,'5','1','11','стелаж №5, рівень №1, позиція №11'),(252,'5','1','12','стелаж №5, рівень №1, позиція №12'),(253,'5','1','13','стелаж №5, рівень №1, позиція №13'),(254,'5','1','14','стелаж №5, рівень №1, позиція №14'),(255,'5','1','15','стелаж №5, рівень №1, позиція №15'),(256,'5','2','1','стелаж №5, рівень №2, позиція №1'),(257,'5','2','2','стелаж №5, рівень №2, позиція №2'),(258,'5','2','3','стелаж №5, рівень №2, позиція №3'),(259,'5','2','4','стелаж №5, рівень №2, позиція №4'),(260,'5','2','5','стелаж №5, рівень №2, позиція №5'),(261,'5','2','6','стелаж №5, рівень №2, позиція №6'),(262,'5','2','7','стелаж №5, рівень №2, позиція №7'),(263,'5','2','8','стелаж №5, рівень №2, позиція №8'),(264,'5','2','9','стелаж №5, рівень №2, позиція №9'),(265,'5','2','10','стелаж №5, рівень №2, позиція №10'),(266,'5','2','11','стелаж №5, рівень №2, позиція №11'),(267,'5','2','12','стелаж №5, рівень №2, позиція №12'),(268,'5','2','13','стелаж №5, рівень №2, позиція №13'),(269,'5','2','14','стелаж №5, рівень №2, позиція №14'),(270,'5','2','15','стелаж №5, рівень №2, позиція №15'),(271,'5','3','1','стелаж №5, рівень №3, позиція №1'),(272,'5','3','2','стелаж №5, рівень №3, позиція №2'),(273,'5','3','3','стелаж №5, рівень №3, позиція №3'),(274,'5','3','4','стелаж №5, рівень №3, позиція №4'),(275,'5','3','5','стелаж №5, рівень №3, позиція №5'),(276,'5','3','6','стелаж №5, рівень №3, позиція №6'),(277,'5','3','7','стелаж №5, рівень №3, позиція №7'),(278,'5','3','8','стелаж №5, рівень №3, позиція №8'),(279,'5','3','9','стелаж №5, рівень №3, позиція №9'),(280,'5','3','10','стелаж №5, рівень №3, позиція №10'),(281,'5','3','11','стелаж №5, рівень №3, позиція №11'),(282,'5','3','12','стелаж №5, рівень №3, позиція №12'),(283,'5','3','13','стелаж №5, рівень №3, позиція №13'),(284,'5','3','14','стелаж №5, рівень №3, позиція №14'),(285,'5','3','15','стелаж №5, рівень №3, позиція №15'),(286,'5','4','1','стелаж №5, рівень №4, позиція №1'),(287,'5','4','2','стелаж №5, рівень №4, позиція №2'),(288,'5','4','3','стелаж №5, рівень №4, позиція №3'),(289,'5','4','4','стелаж №5, рівень №4, позиція №4'),(290,'5','4','5','стелаж №5, рівень №4, позиція №5'),(291,'5','4','6','стелаж №5, рівень №4, позиція №6'),(292,'5','4','7','стелаж №5, рівень №4, позиція №7'),(293,'5','4','8','стелаж №5, рівень №4, позиція №8'),(294,'5','4','9','стелаж №5, рівень №4, позиція №9'),(295,'5','4','10','стелаж №5, рівень №4, позиція №10'),(296,'5','4','11','стелаж №5, рівень №4, позиція №11'),(297,'5','4','12','стелаж №5, рівень №4, позиція №12'),(298,'5','4','13','стелаж №5, рівень №4, позиція №13'),(299,'5','4','14','стелаж №5, рівень №4, позиція №14'),(300,'5','4','15','стелаж №5, рівень №4, позиція №15');
/*!40000 ALTER TABLE `location` ENABLE KEYS */;
UNLOCK TABLES;

--
-- Table structure for table `movement`
--

DROP TABLE IF EXISTS `movement`;
/*!40101 SET @saved_cs_client     = @@character_set_client */;
/*!50503 SET character_set_client = utf8mb4 */;
CREATE TABLE `movement` (
  `movement_id` int NOT NULL AUTO_INCREMENT,
  `item_id` int NOT NULL,
  `location_id` int NOT NULL,
  `quantity` int NOT NULL,
  `movement_type` enum('IN','OUT','TRANSFER') COLLATE utf8mb4_general_ci NOT NULL,
  `date` timestamp NULL DEFAULT CURRENT_TIMESTAMP,
  `user_id` int DEFAULT NULL,
  PRIMARY KEY (`movement_id`),
  KEY `item_id` (`item_id`),
  KEY `location_id` (`location_id`),
  KEY `user_id` (`user_id`),
  CONSTRAINT `movement_ibfk_1` FOREIGN KEY (`item_id`) REFERENCES `item` (`item_id`) ON DELETE CASCADE ON UPDATE CASCADE,
  CONSTRAINT `movement_ibfk_2` FOREIGN KEY (`location_id`) REFERENCES `location` (`location_id`) ON DELETE CASCADE ON UPDATE CASCADE,
  CONSTRAINT `movement_ibfk_3` FOREIGN KEY (`user_id`) REFERENCES `user` (`user_id`) ON DELETE SET NULL ON UPDATE CASCADE
) ENGINE=InnoDB AUTO_INCREMENT=455 DEFAULT CHARSET=utf8mb4 COLLATE=utf8mb4_general_ci;
/*!40101 SET character_set_client = @saved_cs_client */;

--
-- Dumping data for table `movement`
--

LOCK TABLES `movement` WRITE;
/*!40000 ALTER TABLE `movement` DISABLE KEYS */;
INSERT INTO `movement` VALUES (1,1,1,41,'IN','2025-10-30 12:44:00',1),(2,2,2,39,'IN','2025-10-30 12:44:00',1),(3,3,3,22,'IN','2025-10-30 12:44:00',1),(4,4,4,34,'IN','2025-10-30 12:44:00',1),(5,5,5,6,'IN','2025-10-30 12:44:00',1),(6,6,6,17,'IN','2025-10-30 12:44:00',1),(7,7,7,16,'IN','2025-10-30 12:44:00',1),(8,8,8,23,'IN','2025-10-30 12:44:00',1),(9,9,9,18,'IN','2025-10-30 12:44:00',1),(10,10,10,17,'IN','2025-10-30 12:44:00',1),(11,11,11,24,'IN','2025-10-30 12:44:00',1),(12,12,12,21,'IN','2025-10-30 12:44:00',1),(13,13,13,29,'IN','2025-10-30 12:44:00',1),(14,14,14,30,'IN','2025-10-30 12:44:00',1),(15,15,15,11,'IN','2025-10-30 12:44:00',1),(16,16,16,8,'IN','2025-10-30 12:44:00',1),(17,17,17,50,'IN','2025-10-30 12:44:00',1),(18,18,18,34,'IN','2025-10-30 12:44:00',1),(19,19,19,19,'IN','2025-10-30 12:44:00',1),(20,20,20,31,'IN','2025-10-30 12:44:00',1),(21,21,21,5,'IN','2025-10-30 12:44:00',1),(22,22,22,16,'IN','2025-10-30 12:44:00',1),(23,23,23,17,'IN','2025-10-30 12:44:00',1),(24,24,24,30,'IN','2025-10-30 12:44:00',1),(25,25,25,5,'IN','2025-10-30 12:44:00',1),(26,26,26,22,'IN','2025-10-30 12:44:00',1),(27,27,27,45,'IN','2025-10-30 12:44:00',1),(28,28,28,18,'IN','2025-10-30 12:44:00',1),(29,29,29,40,'IN','2025-10-30 12:44:00',1),(30,30,30,6,'IN','2025-10-30 12:44:00',1),(31,31,61,43,'IN','2025-10-30 12:44:00',1),(32,32,62,6,'IN','2025-10-30 12:44:00',1),(33,33,63,37,'IN','2025-10-30 12:44:00',1),(34,34,64,22,'IN','2025-10-30 12:44:00',1),(35,35,65,43,'IN','2025-10-30 12:44:00',1),(36,36,66,5,'IN','2025-10-30 12:44:00',1),(37,37,67,28,'IN','2025-10-30 12:44:00',1),(38,38,68,29,'IN','2025-10-30 12:44:00',1),(39,39,69,12,'IN','2025-10-30 12:44:00',1),(40,40,70,15,'IN','2025-10-30 12:44:00',1),(41,41,71,33,'IN','2025-10-30 12:44:00',1),(42,42,72,25,'IN','2025-10-30 12:44:00',1),(43,43,73,22,'IN','2025-10-30 12:44:00',1),(44,44,74,29,'IN','2025-10-30 12:44:00',1),(45,45,75,27,'IN','2025-10-30 12:44:00',1),(46,46,76,46,'IN','2025-10-30 12:44:00',1),(47,47,77,5,'IN','2025-10-30 12:44:00',1),(48,48,78,22,'IN','2025-10-30 12:44:00',1),(49,49,79,43,'IN','2025-10-30 12:44:00',1),(50,50,80,7,'IN','2025-10-30 12:44:00',1),(51,51,81,40,'IN','2025-10-30 12:44:00',1),(52,52,82,37,'IN','2025-10-30 12:44:00',1),(53,53,83,16,'IN','2025-10-30 12:44:00',1),(54,54,84,9,'IN','2025-10-30 12:44:00',1),(55,55,85,37,'IN','2025-10-30 12:44:00',1),(56,56,86,15,'IN','2025-10-30 12:44:00',1),(57,57,87,7,'IN','2025-10-30 12:44:00',1),(58,58,88,31,'IN','2025-10-30 12:44:00',1),(59,59,89,40,'IN','2025-10-30 12:44:00',1),(60,60,90,7,'IN','2025-10-30 12:44:00',1),(61,61,121,5,'IN','2025-10-30 12:44:00',1),(62,62,122,46,'IN','2025-10-30 12:44:00',1),(63,63,123,27,'IN','2025-10-30 12:44:00',1),(64,64,124,36,'IN','2025-10-30 12:44:00',1),(65,65,125,49,'IN','2025-10-30 12:44:00',1),(66,66,126,43,'IN','2025-10-30 12:44:00',1),(67,67,127,16,'IN','2025-10-30 12:44:00',1),(68,68,128,38,'IN','2025-10-30 12:44:00',1),(69,69,129,48,'IN','2025-10-30 12:44:00',1),(70,70,130,26,'IN','2025-10-30 12:44:00',1),(71,71,131,30,'IN','2025-10-30 12:44:00',1),(72,72,132,20,'IN','2025-10-30 12:44:00',1),(73,73,133,5,'IN','2025-10-30 12:44:00',1),(74,74,134,8,'IN','2025-10-30 12:44:00',1),(75,75,135,22,'IN','2025-10-30 12:44:00',1),(76,76,136,34,'IN','2025-10-30 12:44:00',1),(77,77,137,7,'IN','2025-10-30 12:44:00',1),(78,78,138,23,'IN','2025-10-30 12:44:00',1),(79,79,139,42,'IN','2025-10-30 12:44:00',1),(80,80,140,43,'IN','2025-10-30 12:44:00',1),(81,81,141,42,'IN','2025-10-30 12:44:00',1),(82,82,142,27,'IN','2025-10-30 12:44:00',1),(83,83,143,7,'IN','2025-10-30 12:44:00',1),(84,84,144,43,'IN','2025-10-30 12:44:00',1),(85,85,145,48,'IN','2025-10-30 12:44:00',1),(86,86,146,17,'IN','2025-10-30 12:44:00',1),(87,87,147,27,'IN','2025-10-30 12:44:00',1),(88,88,148,32,'IN','2025-10-30 12:44:00',1),(89,89,149,32,'IN','2025-10-30 12:44:00',1),(90,90,150,10,'IN','2025-10-30 12:44:00',1),(91,91,181,43,'IN','2025-10-30 12:44:00',1),(92,92,182,44,'IN','2025-10-30 12:44:00',1),(93,93,183,38,'IN','2025-10-30 12:44:00',1),(94,94,184,9,'IN','2025-10-30 12:44:00',1),(95,95,185,17,'IN','2025-10-30 12:44:00',1),(96,96,186,10,'IN','2025-10-30 12:44:00',1),(97,97,187,38,'IN','2025-10-30 12:44:00',1),(98,98,188,18,'IN','2025-10-30 12:44:00',1),(99,99,189,19,'IN','2025-10-30 12:44:00',1),(100,100,190,35,'IN','2025-10-30 12:44:00',1),(101,101,191,21,'IN','2025-10-30 12:44:00',1),(102,102,192,40,'IN','2025-10-30 12:44:00',1),(103,103,193,43,'IN','2025-10-30 12:44:00',1),(104,104,194,44,'IN','2025-10-30 12:44:00',1),(105,105,195,38,'IN','2025-10-30 12:44:00',1),(106,106,196,11,'IN','2025-10-30 12:44:00',1),(107,107,197,27,'IN','2025-10-30 12:44:00',1),(108,108,198,8,'IN','2025-10-30 12:44:00',1),(109,109,199,43,'IN','2025-10-30 12:44:00',1),(110,110,200,49,'IN','2025-10-30 12:44:00',1),(111,111,201,20,'IN','2025-10-30 12:44:00',1),(112,112,202,40,'IN','2025-10-30 12:44:00',1),(113,113,203,42,'IN','2025-10-30 12:44:00',1),(114,114,204,42,'IN','2025-10-30 12:44:00',1),(115,115,205,31,'IN','2025-10-30 12:44:00',1),(116,116,206,24,'IN','2025-10-30 12:44:00',1),(117,117,207,26,'IN','2025-10-30 12:44:00',1),(118,118,208,50,'IN','2025-10-30 12:44:00',1),(119,119,209,31,'IN','2025-10-30 12:44:00',1),(120,120,210,45,'IN','2025-10-30 12:44:00',1),(121,121,241,38,'IN','2025-10-30 12:44:00',1),(122,122,242,50,'IN','2025-10-30 12:44:00',1),(123,123,243,38,'IN','2025-10-30 12:44:00',1),(124,124,244,35,'IN','2025-10-30 12:44:00',1),(125,125,245,13,'IN','2025-10-30 12:44:00',1),(126,126,246,48,'IN','2025-10-30 12:44:00',1),(127,127,247,11,'IN','2025-10-30 12:44:00',1),(128,128,248,43,'IN','2025-10-30 12:44:00',1),(129,129,249,40,'IN','2025-10-30 12:44:00',1),(130,130,250,21,'IN','2025-10-30 12:44:00',1),(131,131,251,28,'IN','2025-10-30 12:44:00',1),(132,132,252,27,'IN','2025-10-30 12:44:00',1),(133,133,253,46,'IN','2025-10-30 12:44:00',1),(134,134,254,7,'IN','2025-10-30 12:44:00',1),(135,135,255,31,'IN','2025-10-30 12:44:00',1),(136,136,256,38,'IN','2025-10-30 12:44:00',1),(137,137,257,47,'IN','2025-10-30 12:44:00',1),(138,138,258,25,'IN','2025-10-30 12:44:00',1),(139,139,259,23,'IN','2025-10-30 12:44:00',1),(140,140,260,35,'IN','2025-10-30 12:44:00',1),(141,141,261,12,'IN','2025-10-30 12:44:00',1),(142,142,262,41,'IN','2025-10-30 12:44:00',1),(143,143,263,25,'IN','2025-10-30 12:44:00',1),(144,144,264,44,'IN','2025-10-30 12:44:00',1),(145,145,265,5,'IN','2025-10-30 12:44:00',1),(146,146,266,24,'IN','2025-10-30 12:44:00',1),(147,147,267,10,'IN','2025-10-30 12:44:00',1),(148,148,268,19,'IN','2025-10-30 12:44:00',1),(149,149,269,14,'IN','2025-10-30 12:44:00',1),(150,150,270,10,'IN','2025-10-30 12:44:00',1),(151,1,5,1,'TRANSFER','2025-01-15 09:05:41',1),(152,1,57,8,'TRANSFER','2024-11-26 09:05:41',1),(153,2,2,4,'OUT','2024-12-27 09:05:41',1),(154,2,30,4,'TRANSFER','2025-03-03 09:05:41',1),(155,3,45,10,'TRANSFER','2024-05-04 08:05:41',1),(156,4,29,2,'TRANSFER','2023-11-08 09:05:41',1),(157,4,41,10,'TRANSFER','2024-07-31 08:05:41',1),(158,5,5,4,'OUT','2025-07-27 08:05:41',1),(159,6,6,2,'OUT','2025-04-01 08:05:41',1),(160,6,6,9,'OUT','2025-08-27 08:05:41',1),(161,6,6,5,'OUT','2025-07-05 08:05:41',1),(162,7,24,8,'TRANSFER','2024-05-09 08:05:41',1),(163,7,43,5,'TRANSFER','2024-08-01 08:05:41',1),(164,8,53,5,'TRANSFER','2023-11-16 09:05:41',1),(165,9,1,8,'TRANSFER','2024-03-01 09:05:41',1),(166,10,22,9,'TRANSFER','2025-03-13 09:05:41',1),(167,11,11,3,'OUT','2024-12-18 09:05:41',1),(168,11,60,9,'TRANSFER','2024-11-12 09:05:41',1),(169,12,30,7,'TRANSFER','2024-07-22 08:05:41',1),(170,12,47,7,'IN','2024-01-26 09:05:41',1),(171,13,13,1,'OUT','2024-04-12 08:05:41',1),(172,13,16,1,'IN','2024-05-15 08:05:41',1),(173,14,46,5,'IN','2024-01-30 09:05:41',1),(174,14,31,1,'TRANSFER','2025-08-13 08:05:41',1),(175,15,15,1,'OUT','2024-09-13 08:05:41',1),(176,16,30,2,'TRANSFER','2024-05-06 08:05:41',1),(177,16,7,7,'IN','2025-06-29 08:05:41',1),(178,16,28,10,'IN','2025-07-17 08:05:41',1),(179,17,5,3,'TRANSFER','2024-07-31 08:05:41',1),(180,18,18,5,'OUT','2025-04-13 08:05:41',1),(181,18,31,4,'TRANSFER','2024-11-15 09:05:41',1),(182,18,31,3,'OUT','2025-04-21 08:05:41',1),(183,19,4,8,'TRANSFER','2025-08-18 08:05:41',1),(184,19,24,1,'TRANSFER','2024-04-15 08:05:41',1),(185,20,45,7,'TRANSFER','2024-06-04 08:05:41',1),(186,20,19,1,'TRANSFER','2025-02-25 09:05:41',1),(187,20,45,1,'OUT','2024-02-29 09:05:41',1),(188,21,58,3,'IN','2025-04-06 08:05:41',1),(189,22,22,10,'OUT','2025-06-19 08:05:41',1),(190,22,22,5,'OUT','2025-04-05 08:05:41',1),(191,22,49,1,'TRANSFER','2025-05-06 08:05:41',1),(192,23,1,9,'TRANSFER','2024-10-23 08:05:41',1),(193,23,50,8,'TRANSFER','2025-06-16 08:05:41',1),(194,23,41,1,'TRANSFER','2023-12-07 09:05:41',1),(195,24,28,6,'TRANSFER','2024-05-07 08:05:41',1),(196,24,30,9,'TRANSFER','2024-02-28 09:05:41',1),(197,24,21,4,'IN','2024-05-03 08:05:41',1),(198,25,36,10,'IN','2024-05-03 08:05:41',1),(199,25,1,1,'TRANSFER','2025-11-01 09:05:41',1),(200,25,36,8,'OUT','2025-08-11 08:05:41',1),(201,26,26,9,'OUT','2024-10-13 08:05:41',1),(202,26,60,7,'IN','2025-08-05 08:05:41',1),(203,26,28,10,'IN','2024-09-14 08:05:41',1),(204,27,1,5,'TRANSFER','2024-10-14 08:05:41',1),(205,27,55,4,'TRANSFER','2023-12-16 09:05:41',1),(206,27,27,4,'OUT','2023-11-18 09:05:41',1),(207,28,57,2,'TRANSFER','2025-03-26 09:05:41',1),(208,28,47,7,'IN','2024-01-04 09:05:41',1),(209,28,32,7,'IN','2024-04-15 08:05:41',1),(210,29,29,3,'OUT','2025-03-10 09:05:41',1),(211,29,11,7,'TRANSFER','2023-11-20 09:05:41',1),(212,29,11,2,'OUT','2025-09-14 08:05:41',1),(213,30,30,1,'OUT','2024-07-07 08:05:41',1),(214,30,51,7,'IN','2024-02-02 09:05:41',1),(215,31,61,4,'OUT','2024-08-28 08:05:41',1),(216,31,61,7,'OUT','2025-02-03 09:05:41',1),(217,32,62,3,'OUT','2024-08-27 08:05:41',1),(218,32,69,1,'TRANSFER','2024-12-10 09:05:41',1),(219,32,69,1,'OUT','2025-01-24 09:05:41',1),(220,33,102,6,'IN','2024-01-10 09:05:41',1),(221,34,87,3,'TRANSFER','2025-03-18 09:05:41',1),(222,34,87,3,'TRANSFER','2024-08-17 08:05:41',1),(223,34,106,7,'IN','2024-03-22 09:05:41',1),(224,35,108,1,'TRANSFER','2024-03-27 09:05:41',1),(225,36,74,4,'TRANSFER','2024-11-10 09:05:41',1),(226,36,114,2,'TRANSFER','2023-12-31 09:05:41',1),(227,37,106,4,'TRANSFER','2024-03-31 08:05:41',1),(228,37,82,6,'IN','2024-12-11 09:05:41',1),(229,37,86,9,'IN','2025-08-28 08:05:41',1),(230,38,68,6,'OUT','2025-10-23 08:05:41',1),(231,38,115,4,'TRANSFER','2025-02-26 09:05:41',1),(232,38,101,9,'TRANSFER','2024-04-07 08:05:41',1),(233,39,114,4,'IN','2025-03-20 09:05:41',1),(234,39,82,2,'TRANSFER','2024-11-25 09:05:41',1),(235,39,72,6,'TRANSFER','2023-11-27 09:05:41',1),(236,40,77,5,'IN','2024-12-03 09:05:41',1),(237,41,120,9,'TRANSFER','2025-01-29 09:05:41',1),(238,41,120,4,'OUT','2025-04-05 08:05:41',1),(239,41,76,7,'TRANSFER','2025-04-11 08:05:41',1),(240,42,107,6,'TRANSFER','2025-03-15 09:05:41',1),(241,42,79,9,'TRANSFER','2025-07-08 08:05:41',1),(242,43,73,4,'OUT','2024-06-10 08:05:41',1),(243,43,119,1,'TRANSFER','2024-04-30 08:05:41',1),(244,43,119,1,'OUT','2025-10-23 08:05:41',1),(245,44,74,2,'OUT','2025-02-16 09:05:41',1),(246,44,101,3,'TRANSFER','2024-09-11 08:05:41',1),(247,45,107,3,'TRANSFER','2025-09-16 08:05:41',1),(248,45,102,2,'TRANSFER','2024-03-13 09:05:41',1),(249,45,108,1,'TRANSFER','2025-01-25 09:05:41',1),(250,46,67,5,'TRANSFER','2025-07-20 08:05:41',1),(251,46,67,1,'OUT','2025-05-20 08:05:41',1),(252,47,86,1,'IN','2025-09-24 08:05:41',1),(253,47,83,6,'IN','2024-12-10 09:05:41',1),(254,48,91,10,'TRANSFER','2024-05-06 08:05:41',1),(255,48,97,4,'TRANSFER','2025-10-16 08:05:41',1),(256,48,101,1,'TRANSFER','2024-03-16 09:05:41',1),(257,49,76,6,'IN','2025-06-03 08:05:41',1),(258,50,75,3,'TRANSFER','2023-11-08 09:05:41',1),(259,51,81,5,'OUT','2025-04-01 08:05:41',1),(260,52,80,3,'TRANSFER','2024-01-18 09:05:41',1),(261,53,79,2,'TRANSFER','2025-07-02 08:05:41',1),(262,53,83,7,'OUT','2024-11-14 09:05:41',1),(263,54,84,8,'OUT','2024-12-23 09:05:41',1),(264,54,120,3,'IN','2025-09-15 08:05:41',1),(265,55,85,4,'OUT','2024-04-16 08:05:41',1),(266,55,94,5,'IN','2024-07-04 08:05:41',1),(267,55,102,7,'IN','2025-05-24 08:05:41',1),(268,56,74,8,'TRANSFER','2025-10-26 09:05:41',1),(269,57,87,1,'OUT','2025-01-13 09:05:41',1),(270,57,87,4,'OUT','2025-07-24 08:05:41',1),(271,58,89,7,'TRANSFER','2025-03-29 09:05:41',1),(272,58,96,1,'TRANSFER','2024-09-16 08:05:41',1),(273,59,101,7,'TRANSFER','2025-04-23 08:05:41',1),(274,60,96,4,'TRANSFER','2023-12-01 09:05:41',1),(275,61,177,5,'IN','2025-04-29 08:05:41',1),(276,62,122,9,'OUT','2024-07-27 08:05:41',1),(277,63,123,5,'OUT','2025-11-06 09:05:41',1),(278,63,124,5,'IN','2025-07-25 08:05:41',1),(279,63,136,8,'TRANSFER','2023-11-17 09:05:41',1),(280,64,128,9,'IN','2024-07-12 08:05:41',1),(281,65,125,2,'OUT','2024-06-23 08:05:41',1),(282,65,154,1,'IN','2024-12-29 09:05:41',1),(283,65,125,2,'OUT','2024-07-11 08:05:41',1),(284,66,126,2,'OUT','2023-12-03 09:05:41',1),(285,67,127,4,'OUT','2024-01-27 09:05:41',1),(286,67,128,6,'IN','2025-01-27 09:05:41',1),(287,68,128,1,'OUT','2025-03-28 09:05:41',1),(288,69,129,4,'OUT','2024-07-03 08:05:41',1),(289,70,124,5,'IN','2025-08-16 08:05:41',1),(290,71,159,4,'IN','2024-09-13 08:05:41',1),(291,72,140,10,'TRANSFER','2024-01-11 09:05:41',1),(292,72,178,9,'TRANSFER','2024-02-12 09:05:41',1),(293,72,145,6,'TRANSFER','2025-05-27 08:05:41',1),(294,73,157,2,'TRANSFER','2025-01-22 09:05:41',1),(295,73,163,10,'IN','2024-05-10 08:05:41',1),(296,73,157,1,'OUT','2025-03-23 09:05:41',1),(297,74,150,2,'IN','2024-12-23 09:05:41',1),(298,74,179,1,'TRANSFER','2024-11-26 09:05:41',1),(299,74,167,6,'IN','2024-09-22 08:05:41',1),(300,75,127,6,'IN','2024-10-12 08:05:41',1),(301,76,176,10,'TRANSFER','2024-02-02 09:05:41',1),(302,76,158,2,'IN','2024-02-24 09:05:41',1),(303,76,138,6,'TRANSFER','2024-09-03 08:05:41',1),(304,77,155,3,'IN','2024-12-21 09:05:41',1),(305,78,156,2,'TRANSFER','2024-12-15 09:05:41',1),(306,78,163,4,'TRANSFER','2024-09-09 08:05:41',1),(307,79,139,5,'OUT','2024-10-18 08:05:41',1),(308,79,139,3,'OUT','2024-07-28 08:05:41',1),(309,79,158,7,'TRANSFER','2025-06-26 08:05:41',1),(310,80,138,7,'TRANSFER','2025-01-01 09:05:41',1),(311,81,141,5,'OUT','2024-12-02 09:05:41',1),(312,82,173,9,'TRANSFER','2024-04-24 08:05:41',1),(313,82,167,9,'TRANSFER','2024-12-28 09:05:41',1),(314,82,173,1,'OUT','2025-11-05 09:05:41',1),(315,83,140,6,'TRANSFER','2024-03-07 09:05:41',1),(316,83,156,4,'IN','2024-02-06 09:05:41',1),(317,83,136,2,'IN','2024-01-17 09:05:41',1),(318,84,126,9,'IN','2024-05-03 08:05:41',1),(319,85,145,8,'OUT','2025-05-17 08:05:41',1),(320,85,145,6,'OUT','2025-10-27 09:05:41',1),(321,86,140,6,'TRANSFER','2025-09-24 08:05:41',1),(322,86,150,8,'TRANSFER','2025-05-28 08:05:41',1),(323,87,164,8,'TRANSFER','2025-01-30 09:05:41',1),(324,87,160,1,'IN','2025-09-11 08:05:41',1),(325,88,142,5,'TRANSFER','2024-12-04 09:05:41',1),(326,88,138,1,'TRANSFER','2024-02-19 09:05:41',1),(327,89,159,6,'TRANSFER','2024-08-13 08:05:41',1),(328,89,180,8,'TRANSFER','2024-04-10 08:05:41',1),(329,90,126,4,'IN','2025-03-18 09:05:41',1),(330,90,159,2,'TRANSFER','2024-09-08 08:05:41',1),(331,90,126,1,'OUT','2024-11-14 09:05:41',1),(332,91,222,6,'IN','2024-12-05 09:05:41',1),(333,92,182,8,'OUT','2024-03-08 09:05:41',1),(334,92,206,10,'TRANSFER','2025-06-07 08:05:41',1),(335,92,183,4,'TRANSFER','2024-02-04 09:05:41',1),(336,93,233,9,'TRANSFER','2024-03-20 09:05:41',1),(337,94,219,6,'TRANSFER','2025-08-11 08:05:41',1),(338,94,203,5,'TRANSFER','2025-03-12 09:05:41',1),(339,95,229,9,'TRANSFER','2024-08-06 08:05:41',1),(340,95,222,4,'IN','2024-11-22 09:05:41',1),(341,96,186,4,'OUT','2024-04-15 08:05:41',1),(342,96,217,5,'TRANSFER','2024-11-06 09:05:41',1),(343,97,207,6,'IN','2025-06-05 08:05:41',1),(344,97,187,6,'OUT','2024-11-23 09:05:41',1),(345,97,235,4,'TRANSFER','2024-07-14 08:05:41',1),(346,98,188,9,'OUT','2023-11-28 09:05:41',1),(347,98,191,3,'IN','2024-05-19 08:05:41',1),(348,99,191,6,'TRANSFER','2025-07-17 08:05:41',1),(349,99,222,6,'TRANSFER','2024-04-30 08:05:41',1),(350,99,198,3,'IN','2024-08-29 08:05:41',1),(351,100,199,4,'IN','2024-02-15 09:05:41',1),(352,101,218,1,'IN','2024-10-15 08:05:41',1),(353,102,192,5,'OUT','2024-03-29 09:05:41',1),(354,102,217,3,'IN','2025-03-05 09:05:41',1),(355,103,220,6,'IN','2024-05-16 08:05:41',1),(356,103,193,5,'OUT','2024-02-03 09:05:41',1),(357,103,193,4,'OUT','2025-08-10 08:05:41',1),(358,104,222,7,'IN','2025-03-17 09:05:41',1),(359,104,222,6,'OUT','2025-06-02 08:05:41',1),(360,105,181,9,'TRANSFER','2025-02-21 09:05:41',1),(361,106,194,5,'TRANSFER','2024-03-31 08:05:41',1),(362,106,201,7,'IN','2025-05-08 08:05:41',1),(363,106,207,4,'TRANSFER','2024-06-12 08:05:41',1),(364,107,240,10,'IN','2024-10-21 08:05:41',1),(365,108,198,2,'OUT','2025-04-12 08:05:41',1),(366,108,181,2,'TRANSFER','2023-11-11 09:05:41',1),(367,108,181,1,'OUT','2025-02-22 09:05:41',1),(368,109,199,2,'OUT','2024-05-30 08:05:41',1),(369,109,199,10,'OUT','2024-05-22 08:05:41',1),(370,109,228,6,'IN','2024-11-10 09:05:41',1),(371,110,200,5,'OUT','2025-04-18 08:05:41',1),(372,110,228,2,'IN','2024-11-27 09:05:41',1),(373,110,232,8,'IN','2025-05-31 08:05:41',1),(374,111,227,6,'TRANSFER','2025-05-19 08:05:41',1),(375,111,227,4,'OUT','2025-01-22 09:05:41',1),(376,111,184,5,'TRANSFER','2025-09-29 08:05:41',1),(377,112,202,8,'OUT','2025-03-28 09:05:41',1),(378,113,230,9,'TRANSFER','2024-06-21 08:05:41',1),(379,114,199,3,'TRANSFER','2024-06-11 08:05:41',1),(380,114,214,2,'TRANSFER','2024-03-11 09:05:41',1),(381,114,199,1,'OUT','2024-12-02 09:05:41',1),(382,115,238,10,'TRANSFER','2023-11-09 09:05:41',1),(383,115,191,6,'TRANSFER','2025-07-12 08:05:41',1),(384,115,217,7,'TRANSFER','2023-11-14 09:05:41',1),(385,116,226,10,'IN','2025-03-02 09:05:41',1),(386,117,211,6,'IN','2025-03-26 09:05:41',1),(387,117,207,1,'OUT','2024-01-27 09:05:41',1),(388,117,199,5,'TRANSFER','2025-08-05 08:05:41',1),(389,118,208,8,'OUT','2024-12-16 09:05:41',1),(390,118,211,7,'IN','2024-04-10 08:05:41',1),(391,118,201,9,'IN','2024-12-28 09:05:41',1),(392,119,183,4,'TRANSFER','2025-07-06 08:05:41',1),(393,119,181,10,'IN','2024-06-05 08:05:41',1),(394,120,210,3,'OUT','2024-07-29 08:05:41',1),(395,120,210,2,'OUT','2024-12-25 09:05:41',1),(396,120,230,10,'TRANSFER','2025-05-20 08:05:41',1),(397,121,293,8,'TRANSFER','2025-06-04 08:05:41',1),(398,121,293,1,'OUT','2024-10-27 09:05:41',1),(399,121,241,4,'OUT','2024-03-18 09:05:41',1),(400,122,242,5,'OUT','2024-05-17 08:05:41',1),(401,123,243,3,'OUT','2024-10-10 08:05:41',1),(402,123,243,5,'OUT','2025-10-01 08:05:41',1),(403,124,254,8,'TRANSFER','2024-04-05 08:05:41',1),(404,124,247,10,'TRANSFER','2024-06-20 08:05:41',1),(405,124,299,6,'TRANSFER','2024-08-08 08:05:41',1),(406,125,281,3,'IN','2025-10-06 08:05:41',1),(407,126,264,9,'TRANSFER','2024-10-26 08:05:41',1),(408,126,246,10,'OUT','2025-10-05 08:05:41',1),(409,127,252,7,'IN','2024-04-03 08:05:41',1),(410,128,248,5,'OUT','2025-02-23 09:05:41',1),(411,128,248,9,'OUT','2025-09-27 08:05:41',1),(412,128,248,1,'OUT','2024-05-17 08:05:41',1),(413,129,296,8,'IN','2024-04-19 08:05:41',1),(414,129,242,6,'TRANSFER','2024-07-26 08:05:41',1),(415,130,248,6,'IN','2025-06-11 08:05:41',1),(416,131,266,8,'IN','2024-07-28 08:05:41',1),(417,131,264,4,'IN','2024-03-29 09:05:41',1),(418,132,244,2,'IN','2024-07-11 08:05:41',1),(419,132,252,3,'OUT','2024-04-26 08:05:41',1),(420,132,252,2,'OUT','2025-09-30 08:05:41',1),(421,133,253,3,'OUT','2025-05-14 08:05:41',1),(422,133,253,4,'OUT','2023-12-31 09:05:41',1),(423,133,253,5,'OUT','2025-02-07 09:05:41',1),(424,134,252,9,'IN','2024-01-22 09:05:41',1),(425,134,252,6,'OUT','2025-03-15 09:05:41',1),(426,135,286,6,'TRANSFER','2025-06-25 08:05:41',1),(427,135,275,1,'IN','2025-01-21 09:05:41',1),(428,136,256,2,'OUT','2025-02-21 09:05:41',1),(429,136,256,3,'OUT','2024-04-12 08:05:41',1),(430,136,289,9,'TRANSFER','2024-11-27 09:05:41',1),(431,137,257,5,'OUT','2025-05-23 08:05:41',1),(432,137,272,4,'TRANSFER','2024-06-19 08:05:42',1),(433,137,261,1,'IN','2025-04-21 08:05:42',1),(434,138,246,7,'TRANSFER','2024-07-15 08:05:42',1),(435,139,259,5,'OUT','2024-08-21 08:05:42',1),(436,139,282,4,'IN','2024-05-14 08:05:42',1),(437,139,291,4,'IN','2025-05-19 08:05:42',1),(438,140,260,5,'OUT','2024-10-14 08:05:42',1),(439,141,261,6,'OUT','2024-03-20 09:05:42',1),(440,142,262,9,'OUT','2025-07-23 08:05:42',1),(441,142,295,8,'TRANSFER','2025-01-27 09:05:42',1),(442,143,263,4,'OUT','2024-09-16 08:05:42',1),(443,144,264,9,'OUT','2025-01-08 09:05:42',1),(444,144,283,6,'TRANSFER','2025-11-04 09:05:42',1),(445,144,283,2,'OUT','2025-03-12 09:05:42',1),(446,145,243,2,'TRANSFER','2025-09-27 08:05:42',1),(447,145,273,4,'IN','2024-01-07 09:05:42',1),(448,145,290,3,'TRANSFER','2023-12-17 09:05:42',1),(449,146,267,2,'TRANSFER','2024-02-13 09:05:42',1),(450,147,274,3,'IN','2025-01-11 09:05:42',1),(451,148,278,9,'IN','2025-02-22 09:05:42',1),(452,148,256,6,'TRANSFER','2024-09-16 08:05:42',1),(453,149,298,7,'TRANSFER','2024-04-04 08:05:42',1),(454,150,300,8,'IN','2024-01-14 09:05:42',1);
/*!40000 ALTER TABLE `movement` ENABLE KEYS */;
UNLOCK TABLES;

--
-- Table structure for table `reorder_rule`
--

DROP TABLE IF EXISTS `reorder_rule`;
/*!40101 SET @saved_cs_client     = @@character_set_client */;
/*!50503 SET character_set_client = utf8mb4 */;
CREATE TABLE `reorder_rule` (
  `rule_id` int NOT NULL AUTO_INCREMENT,
  `reorder_level` int NOT NULL,
  `reorder_quantity` int NOT NULL,
  `item_id` int NOT NULL,
  PRIMARY KEY (`rule_id`),
  KEY `FKssqv17jyu443h7bmk00p0y4ft` (`item_id`),
  CONSTRAINT `FKssqv17jyu443h7bmk00p0y4ft` FOREIGN KEY (`item_id`) REFERENCES `item` (`item_id`)
) ENGINE=InnoDB DEFAULT CHARSET=utf8mb4 COLLATE=utf8mb4_0900_ai_ci;
/*!40101 SET character_set_client = @saved_cs_client */;

--
-- Dumping data for table `reorder_rule`
--

LOCK TABLES `reorder_rule` WRITE;
/*!40000 ALTER TABLE `reorder_rule` DISABLE KEYS */;
/*!40000 ALTER TABLE `reorder_rule` ENABLE KEYS */;
UNLOCK TABLES;

--
-- Table structure for table `stock_movement`
--

DROP TABLE IF EXISTS `stock_movement`;
/*!40101 SET @saved_cs_client     = @@character_set_client */;
/*!50503 SET character_set_client = utf8mb4 */;
CREATE TABLE `stock_movement` (
  `movement_id` int NOT NULL AUTO_INCREMENT,
  `date` datetime(6) DEFAULT NULL,
  `movement_type` enum('IN','OUT','TRANSFER') DEFAULT NULL,
  `quantity` int NOT NULL,
  `item_id` int NOT NULL,
  `location_id` int NOT NULL,
  `user_id` int DEFAULT NULL,
  PRIMARY KEY (`movement_id`),
  KEY `FKeevm1rmqccbotn2t0hqig2ev3` (`item_id`),
  KEY `FKiefdal4avmj6grrcwic66n93a` (`location_id`),
  KEY `FKdu45c5a22x1dhsesxil5wdmdr` (`user_id`),
  CONSTRAINT `FKdu45c5a22x1dhsesxil5wdmdr` FOREIGN KEY (`user_id`) REFERENCES `user` (`user_id`),
  CONSTRAINT `FKeevm1rmqccbotn2t0hqig2ev3` FOREIGN KEY (`item_id`) REFERENCES `item` (`item_id`),
  CONSTRAINT `FKiefdal4avmj6grrcwic66n93a` FOREIGN KEY (`location_id`) REFERENCES `location` (`location_id`)
) ENGINE=InnoDB DEFAULT CHARSET=utf8mb4 COLLATE=utf8mb4_0900_ai_ci;
/*!40101 SET character_set_client = @saved_cs_client */;

--
-- Dumping data for table `stock_movement`
--

LOCK TABLES `stock_movement` WRITE;
/*!40000 ALTER TABLE `stock_movement` DISABLE KEYS */;
/*!40000 ALTER TABLE `stock_movement` ENABLE KEYS */;
UNLOCK TABLES;

--
-- Table structure for table `supplier`
--

DROP TABLE IF EXISTS `supplier`;
/*!40101 SET @saved_cs_client     = @@character_set_client */;
/*!50503 SET character_set_client = utf8mb4 */;
CREATE TABLE `supplier` (
  `supplier_id` int NOT NULL AUTO_INCREMENT,
  `name_company` varchar(255) COLLATE utf8mb4_general_ci NOT NULL,
  `full_name` varchar(255) COLLATE utf8mb4_general_ci NOT NULL,
  `phone` varchar(255) COLLATE utf8mb4_general_ci DEFAULT NULL,
  `email` varchar(255) COLLATE utf8mb4_general_ci NOT NULL,
  `address` varchar(255) COLLATE utf8mb4_general_ci NOT NULL,
  PRIMARY KEY (`supplier_id`)
) ENGINE=InnoDB AUTO_INCREMENT=11 DEFAULT CHARSET=utf8mb4 COLLATE=utf8mb4_general_ci;
/*!40101 SET character_set_client = @saved_cs_client */;

--
-- Dumping data for table `supplier`
--

LOCK TABLES `supplier` WRITE;
/*!40000 ALTER TABLE `supplier` DISABLE KEYS */;
INSERT INTO `supplier` VALUES (1,'Intel Corporation','Patrick Gelsinger','(408) 765-8080','support@intel.com','2200 Mission College Blvd, Santa Clara, CA 95054, USA'),(2,'Advanced Micro Devices, Inc.','Lisa Su','(408) 749-3124','investor.relations@amd.com','2485 Augustine Drive, Santa Clara, CA 95054, USA'),(3,'NVIDIA Corporation','Jensen Huang','(408) 486-2000','info@nvidia.com','2788 San Tomas Expressway, Santa Clara, CA 95051, USA'),(4,'Microsoft Corporation','Satya Nadella','(425) 706-4400','msft@microsoft.com','One Microsoft Way, Redmond, WA 98052, USA'),(5,'Apple Inc.','Tim Cook','(800) 692-7753','support@apple.com','One Apple Park Way, Cupertino, CA 95014, USA'),(6,'JetBrains s.r.o.','Maxim Shafirov','(888) 672-1076','sales.us@jetbrains.com','989 East Hillsdale Blvd. Suite 200, Foster City, CA 94404, USA'),(7,'Dell Technologies','Michael Dell','(512) 728-7800','investor_relations@dell.com','One Dell Way, Round Rock, TX 78682, USA'),(8,'HP Inc.','Enrique Lores','(650) 857-1501','support@hp.com','1501 Page Mill Road, Palo Alto, CA 94304, USA'),(9,'Logitech International S.A.','Bracken Darrell','(510) 795-8500','support@logitech.com','3930 North First Street, San Jose, CA 95134, USA'),(10,'Corsair Gaming, Inc.','Andy Paul','(510) 657-8747','support@corsair.com','115 N. McCarthy Blvd., Milpitas, CA 95035, USA');
/*!40000 ALTER TABLE `supplier` ENABLE KEYS */;
UNLOCK TABLES;

--
-- Table structure for table `user`
--

DROP TABLE IF EXISTS `user`;
/*!40101 SET @saved_cs_client     = @@character_set_client */;
/*!50503 SET character_set_client = utf8mb4 */;
CREATE TABLE `user` (
  `user_id` int NOT NULL AUTO_INCREMENT,
  `username` varchar(255) COLLATE utf8mb4_general_ci NOT NULL,
  `password` varchar(255) COLLATE utf8mb4_general_ci NOT NULL,
  `full_name` varchar(255) COLLATE utf8mb4_general_ci DEFAULT NULL,
  `email` varchar(255) COLLATE utf8mb4_general_ci DEFAULT NULL,
  `role_user` enum('ADMIN','LOADER','MANAGER') COLLATE utf8mb4_general_ci DEFAULT NULL,
  PRIMARY KEY (`user_id`),
  UNIQUE KEY `username` (`username`)
) ENGINE=InnoDB AUTO_INCREMENT=5 DEFAULT CHARSET=utf8mb4 COLLATE=utf8mb4_general_ci;
/*!40101 SET character_set_client = @saved_cs_client */;

--
-- Dumping data for table `user`
--

LOCK TABLES `user` WRITE;
/*!40000 ALTER TABLE `user` DISABLE KEYS */;
INSERT INTO `user` VALUES (1,'Danil','$2a$10$5JbenoB1vZOiUWOdw7VZ2Omq8g/nRiYg.xp8G7eXX8yjq5F1HaysC','Danil Sidorchuk','d.sidorchuk07@gmail.com','ADMIN'),(2,'Huang','$2a$10$ZJ7fx4cqirZLVJm1dB/FmeHZgncEvuuCLIe48ZMAobVQqfY685sWG','Jensen Huang','NvidiaNumberTwo@gmail.com','MANAGER'),(3,'Jerry','$2a$10$C3DBby/xyHgru621r1UswuKwIdZa2T77egLUjczXnRFkurcyP74UC','Jery Mouse','JerryAndTom@gmail.com','LOADER'),(4,'Tom','$2a$10$WLlMOSuKJzKz9Ap07aOP8eEBZLp.rRyOIe3wBNUuLjdgm/zioNIMe','Tom Cat','TomAndJerry@gmail.com','LOADER');
/*!40000 ALTER TABLE `user` ENABLE KEYS */;
UNLOCK TABLES;
/*!40103 SET TIME_ZONE=@OLD_TIME_ZONE */;

/*!40101 SET SQL_MODE=@OLD_SQL_MODE */;
/*!40014 SET FOREIGN_KEY_CHECKS=@OLD_FOREIGN_KEY_CHECKS */;
/*!40014 SET UNIQUE_CHECKS=@OLD_UNIQUE_CHECKS */;
/*!40101 SET CHARACTER_SET_CLIENT=@OLD_CHARACTER_SET_CLIENT */;
/*!40101 SET CHARACTER_SET_RESULTS=@OLD_CHARACTER_SET_RESULTS */;
/*!40101 SET COLLATION_CONNECTION=@OLD_COLLATION_CONNECTION */;
/*!40111 SET SQL_NOTES=@OLD_SQL_NOTES */;

-- Dump completed on 2025-11-21 14:35:14
